
> date-scape@0.1.0 start
> react-scripts start

Starting the development server...

Compiled with warnings.

[eslint] 
src\components\MatchQueue.js
  Line 4:97:   'addDoc' is defined but never used                                                                                                                                                                                                                    no-unused-vars
  Line 8:8:    'Navbar' is defined but never used                                                                                                                                                                                                                    no-unused-vars
  Line 21:10:  'showNoMatchesMessage' is assigned a value but never used                                                                                                                                                                                             no-unused-vars
  Line 125:6:  React Hook useEffect has an unnecessary dependency: 'auth.currentUser'. Either exclude it or remove the dependency array. Outer scope values like 'auth.currentUser' aren't valid dependencies because mutating them doesn't re-render the component  react-hooks/exhaustive-deps
  Line 140:6:  React Hook useEffect has missing dependencies: 'fetchMatches' and 'matches.length'. Either include them or remove the dependency array                                                                                                                react-hooks/exhaustive-deps
  Line 209:9:  'handleShowNotifications' is assigned a value but never used                                                                                                                                                                                          no-unused-vars

src\components\MultiStepSignup.js
  Line 3:10:  'collection' is defined but never used  no-unused-vars
  Line 4:10:  'getAuth' is defined but never used     no-unused-vars

src\components\SignupStep1.js
  Line 2:10:  'getAuth' is defined but never used                         no-unused-vars
  Line 2:19:  'createUserWithEmailAndPassword' is defined but never used  no-unused-vars

src\firebase\matchStorage.js
  Line 52:11:  'scoreA' is assigned a value but never used     no-unused-vars
  Line 52:19:  'maxScoreA' is assigned a value but never used  no-unused-vars
  Line 52:30:  'scoreB' is assigned a value but never used     no-unused-vars
  Line 52:38:  'maxScoreB' is assigned a value but never used  no-unused-vars

Search for the keywords to learn more about each warning.
To ignore, add // eslint-disable-next-line to the line before.

[1m[33mWARNING[39m[22m in [1m[eslint] 
src\components\MatchQueue.js
  Line 4:97:   'addDoc' is defined but never used                                                                                                                                                                                                                    no-unused-vars
  Line 8:8:    'Navbar' is defined but never used                                                                                                                                                                                                                    no-unused-vars
  Line 21:10:  'showNoMatchesMessage' is assigned a value but never used                                                                                                                                                                                             no-unused-vars
  Line 125:6:  React Hook useEffect has an unnecessary dependency: 'auth.currentUser'. Either exclude it or remove the dependency array. Outer scope values like 'auth.currentUser' aren't valid dependencies because mutating them doesn't re-render the component  react-hooks/exhaustive-deps
  Line 140:6:  React Hook useEffect has missing dependencies: 'fetchMatches' and 'matches.length'. Either include them or remove the dependency array                                                                                                                react-hooks/exhaustive-deps
  Line 209:9:  'handleShowNotifications' is assigned a value but never used                                                                                                                                                                                          no-unused-vars

src\components\MultiStepSignup.js
  Line 3:10:  'collection' is defined but never used  no-unused-vars
  Line 4:10:  'getAuth' is defined but never used     no-unused-vars

src\components\SignupStep1.js
  Line 2:10:  'getAuth' is defined but never used                         no-unused-vars
  Line 2:19:  'createUserWithEmailAndPassword' is defined but never used  no-unused-vars

src\firebase\matchStorage.js
  Line 52:11:  'scoreA' is assigned a value but never used     no-unused-vars
  Line 52:19:  'maxScoreA' is assigned a value but never used  no-unused-vars
  Line 52:30:  'scoreB' is assigned a value but never used     no-unused-vars
  Line 52:38:  'maxScoreB' is assigned a value but never used  no-unused-vars

[39m[22m

webpack compiled with [1m[33m1 warning[39m[22m
Compiling...
Compiled with warnings.

[eslint] 
src\components\MatchQueue.js
  Line 4:97:   'addDoc' is defined but never used                                                                                                                                                                                                                    no-unused-vars
  Line 8:8:    'Navbar' is defined but never used                                                                                                                                                                                                                    no-unused-vars
  Line 21:10:  'showNoMatchesMessage' is assigned a value but never used                                                                                                                                                                                             no-unused-vars
  Line 125:6:  React Hook useEffect has an unnecessary dependency: 'auth.currentUser'. Either exclude it or remove the dependency array. Outer scope values like 'auth.currentUser' aren't valid dependencies because mutating them doesn't re-render the component  react-hooks/exhaustive-deps
  Line 140:6:  React Hook useEffect has missing dependencies: 'fetchMatches' and 'matches.length'. Either include them or remove the dependency array                                                                                                                react-hooks/exhaustive-deps
  Line 209:9:  'handleShowNotifications' is assigned a value but never used                                                                                                                                                                                          no-unused-vars

src\components\MultiStepSignup.js
  Line 3:10:  'collection' is defined but never used  no-unused-vars
  Line 4:10:  'getAuth' is defined but never used     no-unused-vars

src\components\SignupStep1.js
  Line 2:10:  'getAuth' is defined but never used                         no-unused-vars
  Line 2:19:  'createUserWithEmailAndPassword' is defined but never used  no-unused-vars

src\firebase\matchStorage.js
  Line 52:11:  'scoreA' is assigned a value but never used     no-unused-vars
  Line 52:19:  'maxScoreA' is assigned a value but never used  no-unused-vars
  Line 52:30:  'scoreB' is assigned a value but never used     no-unused-vars
  Line 52:38:  'maxScoreB' is assigned a value but never used  no-unused-vars

Search for the keywords to learn more about each warning.
To ignore, add // eslint-disable-next-line to the line before.

[1m[33mWARNING[39m[22m in [1m[eslint] 
src\components\MatchQueue.js
  Line 4:97:   'addDoc' is defined but never used                                                                                                                                                                                                                    no-unused-vars
  Line 8:8:    'Navbar' is defined but never used                                                                                                                                                                                                                    no-unused-vars
  Line 21:10:  'showNoMatchesMessage' is assigned a value but never used                                                                                                                                                                                             no-unused-vars
  Line 125:6:  React Hook useEffect has an unnecessary dependency: 'auth.currentUser'. Either exclude it or remove the dependency array. Outer scope values like 'auth.currentUser' aren't valid dependencies because mutating them doesn't re-render the component  react-hooks/exhaustive-deps
  Line 140:6:  React Hook useEffect has missing dependencies: 'fetchMatches' and 'matches.length'. Either include them or remove the dependency array                                                                                                                react-hooks/exhaustive-deps
  Line 209:9:  'handleShowNotifications' is assigned a value but never used                                                                                                                                                                                          no-unused-vars

src\components\MultiStepSignup.js
  Line 3:10:  'collection' is defined but never used  no-unused-vars
  Line 4:10:  'getAuth' is defined but never used     no-unused-vars

src\components\SignupStep1.js
  Line 2:10:  'getAuth' is defined but never used                         no-unused-vars
  Line 2:19:  'createUserWithEmailAndPassword' is defined but never used  no-unused-vars

src\firebase\matchStorage.js
  Line 52:11:  'scoreA' is assigned a value but never used     no-unused-vars
  Line 52:19:  'maxScoreA' is assigned a value but never used  no-unused-vars
  Line 52:30:  'scoreB' is assigned a value but never used     no-unused-vars
  Line 52:38:  'maxScoreB' is assigned a value but never used  no-unused-vars

[39m[22m

webpack compiled with [1m[33m1 warning[39m[22m
Compiling...
Compiled with warnings.

[eslint] 
src\components\MatchQueue.js
  Line 4:97:   'addDoc' is defined but never used                                                                                                                                                                                                                    no-unused-vars
  Line 8:8:    'Navbar' is defined but never used                                                                                                                                                                                                                    no-unused-vars
  Line 21:10:  'showNoMatchesMessage' is assigned a value but never used                                                                                                                                                                                             no-unused-vars
  Line 125:6:  React Hook useEffect has an unnecessary dependency: 'auth.currentUser'. Either exclude it or remove the dependency array. Outer scope values like 'auth.currentUser' aren't valid dependencies because mutating them doesn't re-render the component  react-hooks/exhaustive-deps
  Line 140:6:  React Hook useEffect has missing dependencies: 'fetchMatches' and 'matches.length'. Either include them or remove the dependency array                                                                                                                react-hooks/exhaustive-deps
  Line 209:9:  'handleShowNotifications' is assigned a value but never used                                                                                                                                                                                          no-unused-vars

src\components\MultiStepSignup.js
  Line 3:10:  'collection' is defined but never used  no-unused-vars
  Line 4:10:  'getAuth' is defined but never used     no-unused-vars

src\components\SignupStep1.js
  Line 2:10:  'getAuth' is defined but never used                         no-unused-vars
  Line 2:19:  'createUserWithEmailAndPassword' is defined but never used  no-unused-vars

src\firebase\matchStorage.js
  Line 52:11:  'scoreA' is assigned a value but never used     no-unused-vars
  Line 52:19:  'maxScoreA' is assigned a value but never used  no-unused-vars
  Line 52:30:  'scoreB' is assigned a value but never used     no-unused-vars
  Line 52:38:  'maxScoreB' is assigned a value but never used  no-unused-vars

Search for the keywords to learn more about each warning.
To ignore, add // eslint-disable-next-line to the line before.

[1m[33mWARNING[39m[22m in [1m[eslint] 
src\components\MatchQueue.js
  Line 4:97:   'addDoc' is defined but never used                                                                                                                                                                                                                    no-unused-vars
  Line 8:8:    'Navbar' is defined but never used                                                                                                                                                                                                                    no-unused-vars
  Line 21:10:  'showNoMatchesMessage' is assigned a value but never used                                                                                                                                                                                             no-unused-vars
  Line 125:6:  React Hook useEffect has an unnecessary dependency: 'auth.currentUser'. Either exclude it or remove the dependency array. Outer scope values like 'auth.currentUser' aren't valid dependencies because mutating them doesn't re-render the component  react-hooks/exhaustive-deps
  Line 140:6:  React Hook useEffect has missing dependencies: 'fetchMatches' and 'matches.length'. Either include them or remove the dependency array                                                                                                                react-hooks/exhaustive-deps
  Line 209:9:  'handleShowNotifications' is assigned a value but never used                                                                                                                                                                                          no-unused-vars

src\components\MultiStepSignup.js
  Line 3:10:  'collection' is defined but never used  no-unused-vars
  Line 4:10:  'getAuth' is defined but never used     no-unused-vars

src\components\SignupStep1.js
  Line 2:10:  'getAuth' is defined but never used                         no-unused-vars
  Line 2:19:  'createUserWithEmailAndPassword' is defined but never used  no-unused-vars

src\firebase\matchStorage.js
  Line 52:11:  'scoreA' is assigned a value but never used     no-unused-vars
  Line 52:19:  'maxScoreA' is assigned a value but never used  no-unused-vars
  Line 52:30:  'scoreB' is assigned a value but never used     no-unused-vars
  Line 52:38:  'maxScoreB' is assigned a value but never used  no-unused-vars

[39m[22m

webpack compiled with [1m[33m1 warning[39m[22m
Compiling...
Failed to compile.

[eslint] 
src\components\MatchQueue.js
  Line 52:7:  'setNoMsg' is not defined  no-undef

Search for the keywords to learn more about each error.
[1m[33mWARNING[39m[22m in [1m[eslint] 
src\components\MatchQueue.js
  Line 17:9:   'currentUserId' is assigned a value but never used                                                                                                                                                                                                    no-unused-vars
  Line 124:6:  React Hook useEffect has an unnecessary dependency: 'auth.currentUser'. Either exclude it or remove the dependency array. Outer scope values like 'auth.currentUser' aren't valid dependencies because mutating them doesn't re-render the component  react-hooks/exhaustive-deps
  Line 139:6:  React Hook useEffect has missing dependencies: 'fetchMatches' and 'matches.length'. Either include them or remove the dependency array                                                                                                                react-hooks/exhaustive-deps
  Line 208:9:  'handleShowNotifications' is assigned a value but never used                                                                                                                                                                                          no-unused-vars

src\components\MultiStepSignup.js
  Line 3:10:  'collection' is defined but never used  no-unused-vars
  Line 4:10:  'getAuth' is defined but never used     no-unused-vars

src\components\SignupStep1.js
  Line 2:10:  'getAuth' is defined but never used                         no-unused-vars
  Line 2:19:  'createUserWithEmailAndPassword' is defined but never used  no-unused-vars

src\firebase\matchStorage.js
  Line 52:11:  'scoreA' is assigned a value but never used     no-unused-vars
  Line 52:19:  'maxScoreA' is assigned a value but never used  no-unused-vars
  Line 52:30:  'scoreB' is assigned a value but never used     no-unused-vars
  Line 52:38:  'maxScoreB' is assigned a value but never used  no-unused-vars

[39m[22m

[1m[31mERROR[39m[22m in [1m[eslint] 
src\components\MatchQueue.js
  Line 52:7:  'setNoMsg' is not defined  no-undef

Search for the keywords to learn more about each [1m[31merror[39m[22m[1m.[39m[22m

webpack compiled with [1m[31m1 error[39m[22m and [1m[33m1 warning[39m[22m
Compiling...
Failed to compile.

[eslint] 
src\components\MatchQueue.js
  Line 52:7:  'setNoMsg' is not defined  no-undef

Search for the keywords to learn more about each error.
[1m[33mWARNING[39m[22m in [1m[eslint] 
src\components\MatchQueue.js
  Line 124:6:  React Hook useEffect has an unnecessary dependency: 'auth.currentUser'. Either exclude it or remove the dependency array. Outer scope values like 'auth.currentUser' aren't valid dependencies because mutating them doesn't re-render the component  react-hooks/exhaustive-deps
  Line 139:6:  React Hook useEffect has missing dependencies: 'fetchMatches' and 'matches.length'. Either include them or remove the dependency array                                                                                                                react-hooks/exhaustive-deps
  Line 208:9:  'handleShowNotifications' is assigned a value but never used                                                                                                                                                                                          no-unused-vars

src\components\MultiStepSignup.js
  Line 3:10:  'collection' is defined but never used  no-unused-vars
  Line 4:10:  'getAuth' is defined but never used     no-unused-vars

src\components\SignupStep1.js
  Line 2:10:  'getAuth' is defined but never used                         no-unused-vars
  Line 2:19:  'createUserWithEmailAndPassword' is defined but never used  no-unused-vars

src\firebase\matchStorage.js
  Line 52:11:  'scoreA' is assigned a value but never used     no-unused-vars
  Line 52:19:  'maxScoreA' is assigned a value but never used  no-unused-vars
  Line 52:30:  'scoreB' is assigned a value but never used     no-unused-vars
  Line 52:38:  'maxScoreB' is assigned a value but never used  no-unused-vars

[39m[22m

[1m[31mERROR[39m[22m in [1m[eslint] 
src\components\MatchQueue.js
  Line 52:7:  'setNoMsg' is not defined  no-undef

Search for the keywords to learn more about each [1m[31merror[39m[22m[1m.[39m[22m

webpack compiled with [1m[31m1 error[39m[22m and [1m[33m1 warning[39m[22m
Compiling...
Compiled with warnings.

[eslint] 
src\components\MatchQueue.js
  Line 123:6:  React Hook useEffect has an unnecessary dependency: 'auth.currentUser'. Either exclude it or remove the dependency array. Outer scope values like 'auth.currentUser' aren't valid dependencies because mutating them doesn't re-render the component  react-hooks/exhaustive-deps
  Line 138:6:  React Hook useEffect has missing dependencies: 'fetchMatches' and 'matches.length'. Either include them or remove the dependency array                                                                                                                react-hooks/exhaustive-deps
  Line 207:9:  'handleShowNotifications' is assigned a value but never used                                                                                                                                                                                          no-unused-vars

src\components\MultiStepSignup.js
  Line 3:10:  'collection' is defined but never used  no-unused-vars
  Line 4:10:  'getAuth' is defined but never used     no-unused-vars

src\components\SignupStep1.js
  Line 2:10:  'getAuth' is defined but never used                         no-unused-vars
  Line 2:19:  'createUserWithEmailAndPassword' is defined but never used  no-unused-vars

src\firebase\matchStorage.js
  Line 52:11:  'scoreA' is assigned a value but never used     no-unused-vars
  Line 52:19:  'maxScoreA' is assigned a value but never used  no-unused-vars
  Line 52:30:  'scoreB' is assigned a value but never used     no-unused-vars
  Line 52:38:  'maxScoreB' is assigned a value but never used  no-unused-vars

Search for the keywords to learn more about each warning.
To ignore, add // eslint-disable-next-line to the line before.

[1m[33mWARNING[39m[22m in [1m[eslint] 
src\components\MatchQueue.js
  Line 123:6:  React Hook useEffect has an unnecessary dependency: 'auth.currentUser'. Either exclude it or remove the dependency array. Outer scope values like 'auth.currentUser' aren't valid dependencies because mutating them doesn't re-render the component  react-hooks/exhaustive-deps
  Line 138:6:  React Hook useEffect has missing dependencies: 'fetchMatches' and 'matches.length'. Either include them or remove the dependency array                                                                                                                react-hooks/exhaustive-deps
  Line 207:9:  'handleShowNotifications' is assigned a value but never used                                                                                                                                                                                          no-unused-vars

src\components\MultiStepSignup.js
  Line 3:10:  'collection' is defined but never used  no-unused-vars
  Line 4:10:  'getAuth' is defined but never used     no-unused-vars

src\components\SignupStep1.js
  Line 2:10:  'getAuth' is defined but never used                         no-unused-vars
  Line 2:19:  'createUserWithEmailAndPassword' is defined but never used  no-unused-vars

src\firebase\matchStorage.js
  Line 52:11:  'scoreA' is assigned a value but never used     no-unused-vars
  Line 52:19:  'maxScoreA' is assigned a value but never used  no-unused-vars
  Line 52:30:  'scoreB' is assigned a value but never used     no-unused-vars
  Line 52:38:  'maxScoreB' is assigned a value but never used  no-unused-vars

[39m[22m

webpack compiled with [1m[33m1 warning[39m[22m
Compiling...
Compiled with warnings.

[eslint] 
src\components\MatchQueue.js
  Line 127:6:  React Hook useEffect has an unnecessary dependency: 'auth.currentUser'. Either exclude it or remove the dependency array. Outer scope values like 'auth.currentUser' aren't valid dependencies because mutating them doesn't re-render the component  react-hooks/exhaustive-deps
  Line 142:6:  React Hook useEffect has missing dependencies: 'fetchMatches' and 'matches.length'. Either include them or remove the dependency array                                                                                                                react-hooks/exhaustive-deps
  Line 211:9:  'handleShowNotifications' is assigned a value but never used                                                                                                                                                                                          no-unused-vars

src\components\MultiStepSignup.js
  Line 3:10:  'collection' is defined but never used  no-unused-vars
  Line 4:10:  'getAuth' is defined but never used     no-unused-vars

src\components\SignupStep1.js
  Line 2:10:  'getAuth' is defined but never used                         no-unused-vars
  Line 2:19:  'createUserWithEmailAndPassword' is defined but never used  no-unused-vars

src\firebase\matchStorage.js
  Line 52:11:  'scoreA' is assigned a value but never used     no-unused-vars
  Line 52:19:  'maxScoreA' is assigned a value but never used  no-unused-vars
  Line 52:30:  'scoreB' is assigned a value but never used     no-unused-vars
  Line 52:38:  'maxScoreB' is assigned a value but never used  no-unused-vars

Search for the keywords to learn more about each warning.
To ignore, add // eslint-disable-next-line to the line before.

[1m[33mWARNING[39m[22m in [1m[eslint] 
src\components\MatchQueue.js
  Line 127:6:  React Hook useEffect has an unnecessary dependency: 'auth.currentUser'. Either exclude it or remove the dependency array. Outer scope values like 'auth.currentUser' aren't valid dependencies because mutating them doesn't re-render the component  react-hooks/exhaustive-deps
  Line 142:6:  React Hook useEffect has missing dependencies: 'fetchMatches' and 'matches.length'. Either include them or remove the dependency array                                                                                                                react-hooks/exhaustive-deps
  Line 211:9:  'handleShowNotifications' is assigned a value but never used                                                                                                                                                                                          no-unused-vars

src\components\MultiStepSignup.js
  Line 3:10:  'collection' is defined but never used  no-unused-vars
  Line 4:10:  'getAuth' is defined but never used     no-unused-vars

src\components\SignupStep1.js
  Line 2:10:  'getAuth' is defined but never used                         no-unused-vars
  Line 2:19:  'createUserWithEmailAndPassword' is defined but never used  no-unused-vars

src\firebase\matchStorage.js
  Line 52:11:  'scoreA' is assigned a value but never used     no-unused-vars
  Line 52:19:  'maxScoreA' is assigned a value but never used  no-unused-vars
  Line 52:30:  'scoreB' is assigned a value but never used     no-unused-vars
  Line 52:38:  'maxScoreB' is assigned a value but never used  no-unused-vars

[39m[22m

webpack compiled with [1m[33m1 warning[39m[22m
Compiling...
Compiled with warnings.

[eslint] 
src\components\MultiStepSignup.js
  Line 3:10:  'collection' is defined but never used  no-unused-vars
  Line 4:10:  'getAuth' is defined but never used     no-unused-vars

src\components\SignupStep1.js
  Line 2:10:  'getAuth' is defined but never used                         no-unused-vars
  Line 2:19:  'createUserWithEmailAndPassword' is defined but never used  no-unused-vars

src\firebase\matchStorage.js
  Line 52:11:  'scoreA' is assigned a value but never used     no-unused-vars
  Line 52:19:  'maxScoreA' is assigned a value but never used  no-unused-vars
  Line 52:30:  'scoreB' is assigned a value but never used     no-unused-vars
  Line 52:38:  'maxScoreB' is assigned a value but never used  no-unused-vars

Search for the keywords to learn more about each warning.
To ignore, add // eslint-disable-next-line to the line before.

[1m[33mWARNING[39m[22m in [1m[eslint] 
src\components\MultiStepSignup.js
  Line 3:10:  'collection' is defined but never used  no-unused-vars
  Line 4:10:  'getAuth' is defined but never used     no-unused-vars

src\components\SignupStep1.js
  Line 2:10:  'getAuth' is defined but never used                         no-unused-vars
  Line 2:19:  'createUserWithEmailAndPassword' is defined but never used  no-unused-vars

src\firebase\matchStorage.js
  Line 52:11:  'scoreA' is assigned a value but never used     no-unused-vars
  Line 52:19:  'maxScoreA' is assigned a value but never used  no-unused-vars
  Line 52:30:  'scoreB' is assigned a value but never used     no-unused-vars
  Line 52:38:  'maxScoreB' is assigned a value but never used  no-unused-vars

[39m[22m

webpack compiled with [1m[33m1 warning[39m[22m
Compiling...
Compiled with warnings.

[eslint] 
src\components\MultiStepSignup.js
  Line 3:10:  'collection' is defined but never used  no-unused-vars
  Line 4:10:  'getAuth' is defined but never used     no-unused-vars

src\components\SignupStep1.js
  Line 2:10:  'getAuth' is defined but never used                         no-unused-vars
  Line 2:19:  'createUserWithEmailAndPassword' is defined but never used  no-unused-vars

src\firebase\matchStorage.js
  Line 52:11:  'scoreA' is assigned a value but never used     no-unused-vars
  Line 52:19:  'maxScoreA' is assigned a value but never used  no-unused-vars
  Line 52:30:  'scoreB' is assigned a value but never used     no-unused-vars
  Line 52:38:  'maxScoreB' is assigned a value but never used  no-unused-vars

Search for the keywords to learn more about each warning.
To ignore, add // eslint-disable-next-line to the line before.

[1m[33mWARNING[39m[22m in [1m[eslint] 
src\components\MultiStepSignup.js
  Line 3:10:  'collection' is defined but never used  no-unused-vars
  Line 4:10:  'getAuth' is defined but never used     no-unused-vars

src\components\SignupStep1.js
  Line 2:10:  'getAuth' is defined but never used                         no-unused-vars
  Line 2:19:  'createUserWithEmailAndPassword' is defined but never used  no-unused-vars

src\firebase\matchStorage.js
  Line 52:11:  'scoreA' is assigned a value but never used     no-unused-vars
  Line 52:19:  'maxScoreA' is assigned a value but never used  no-unused-vars
  Line 52:30:  'scoreB' is assigned a value but never used     no-unused-vars
  Line 52:38:  'maxScoreB' is assigned a value but never used  no-unused-vars

[39m[22m

webpack compiled with [1m[33m1 warning[39m[22m
Compiling...
Compiled with warnings.

[eslint] 
src\components\MultiStepSignup.js
  Line 3:10:  'collection' is defined but never used  no-unused-vars
  Line 4:10:  'getAuth' is defined but never used     no-unused-vars

src\components\SignupStep1.js
  Line 2:10:  'getAuth' is defined but never used                         no-unused-vars
  Line 2:19:  'createUserWithEmailAndPassword' is defined but never used  no-unused-vars

src\firebase\matchStorage.js
  Line 52:11:  'scoreA' is assigned a value but never used     no-unused-vars
  Line 52:19:  'maxScoreA' is assigned a value but never used  no-unused-vars
  Line 52:30:  'scoreB' is assigned a value but never used     no-unused-vars
  Line 52:38:  'maxScoreB' is assigned a value but never used  no-unused-vars

Search for the keywords to learn more about each warning.
To ignore, add // eslint-disable-next-line to the line before.

[1m[33mWARNING[39m[22m in [1m[eslint] 
src\components\MultiStepSignup.js
  Line 3:10:  'collection' is defined but never used  no-unused-vars
  Line 4:10:  'getAuth' is defined but never used     no-unused-vars

src\components\SignupStep1.js
  Line 2:10:  'getAuth' is defined but never used                         no-unused-vars
  Line 2:19:  'createUserWithEmailAndPassword' is defined but never used  no-unused-vars

src\firebase\matchStorage.js
  Line 52:11:  'scoreA' is assigned a value but never used     no-unused-vars
  Line 52:19:  'maxScoreA' is assigned a value but never used  no-unused-vars
  Line 52:30:  'scoreB' is assigned a value but never used     no-unused-vars
  Line 52:38:  'maxScoreB' is assigned a value but never used  no-unused-vars

[39m[22m

webpack compiled with [1m[33m1 warning[39m[22m
Compiling...
Failed to compile.

[eslint] 
src\components\NotificationPopup.js
Syntax error: Unexpected token (96:10) (96:10)
[1m[33mWARNING[39m[22m in [1m[eslint] 
src\components\MultiStepSignup.js
  Line 3:10:  'collection' is defined but never used  no-unused-vars
  Line 4:10:  'getAuth' is defined but never used     no-unused-vars

src\components\SignupStep1.js
  Line 2:10:  'getAuth' is defined but never used                         no-unused-vars
  Line 2:19:  'createUserWithEmailAndPassword' is defined but never used  no-unused-vars

src\firebase\matchStorage.js
  Line 52:11:  'scoreA' is assigned a value but never used     no-unused-vars
  Line 52:19:  'maxScoreA' is assigned a value but never used  no-unused-vars
  Line 52:30:  'scoreB' is assigned a value but never used     no-unused-vars
  Line 52:38:  'maxScoreB' is assigned a value but never used  no-unused-vars

[39m[22m

[1m[31mERROR[39m[22m in [1m./src/components/NotificationPopup.js[39m[22m
Module build failed (from ./node_modules/babel-loader/lib/index.js):
SyntaxError: C:\Users\mikus\date-scape\src\components\NotificationPopup.js: Unexpected token (96:10)

[0m [90m 94 |[39m   )[33m;[39m
 [90m 95 |[39m }
[31m[1m>[22m[39m[90m 96 |[39m           ) [33m:[39m (
 [90m    |[39m           [31m[1m^[22m[39m
 [90m 97 |[39m             pageItems[33m.[39mmap((n) [33m=>[39m (
 [90m 98 |[39m               [33m<[39m[33mdiv[39m
 [90m 99 |[39m                 key[33m=[39m{n[33m.[39mid}[0m
    at constructor (C:\Users\mikus\date-scape\node_modules\@babel\parser\lib\index.js:367:19)
    at FlowParserMixin.raise (C:\Users\mikus\date-scape\node_modules\@babel\parser\lib\index.js:6627:19)
    at FlowParserMixin.unexpected (C:\Users\mikus\date-scape\node_modules\@babel\parser\lib\index.js:6647:16)
    at FlowParserMixin.parseExprAtom (C:\Users\mikus\date-scape\node_modules\@babel\parser\lib\index.js:11442:16)
    at FlowParserMixin.parseExprAtom (C:\Users\mikus\date-scape\node_modules\@babel\parser\lib\index.js:4794:20)
    at FlowParserMixin.parseExprSubscripts (C:\Users\mikus\date-scape\node_modules\@babel\parser\lib\index.js:11076:23)
    at FlowParserMixin.parseUpdate (C:\Users\mikus\date-scape\node_modules\@babel\parser\lib\index.js:11061:21)
    at FlowParserMixin.parseMaybeUnary (C:\Users\mikus\date-scape\node_modules\@babel\parser\lib\index.js:11041:23)
    at FlowParserMixin.parseMaybeUnaryOrPrivate (C:\Users\mikus\date-scape\node_modules\@babel\parser\lib\index.js:10894:61)
    at FlowParserMixin.parseExprOps (C:\Users\mikus\date-scape\node_modules\@babel\parser\lib\index.js:10899:23)
    at FlowParserMixin.parseMaybeConditional (C:\Users\mikus\date-scape\node_modules\@babel\parser\lib\index.js:10876:23)
    at FlowParserMixin.parseMaybeAssign (C:\Users\mikus\date-scape\node_modules\@babel\parser\lib\index.js:10826:21)
    at FlowParserMixin.parseMaybeAssign (C:\Users\mikus\date-scape\node_modules\@babel\parser\lib\index.js:3579:18)
    at FlowParserMixin.parseExpressionBase (C:\Users\mikus\date-scape\node_modules\@babel\parser\lib\index.js:10779:23)
    at C:\Users\mikus\date-scape\node_modules\@babel\parser\lib\index.js:10775:39
    at FlowParserMixin.allowInAnd (C:\Users\mikus\date-scape\node_modules\@babel\parser\lib\index.js:12422:16)
    at FlowParserMixin.parseExpression (C:\Users\mikus\date-scape\node_modules\@babel\parser\lib\index.js:10775:17)
    at FlowParserMixin.parseStatementContent (C:\Users\mikus\date-scape\node_modules\@babel\parser\lib\index.js:12895:23)
    at FlowParserMixin.parseStatementLike (C:\Users\mikus\date-scape\node_modules\@babel\parser\lib\index.js:12767:17)
    at FlowParserMixin.parseStatementLike (C:\Users\mikus\date-scape\node_modules\@babel\parser\lib\index.js:2946:24)
    at FlowParserMixin.parseModuleItem (C:\Users\mikus\date-scape\node_modules\@babel\parser\lib\index.js:12744:17)
    at FlowParserMixin.parseBlockOrModuleBlockBody (C:\Users\mikus\date-scape\node_modules\@babel\parser\lib\index.js:13316:36)
    at FlowParserMixin.parseBlockBody (C:\Users\mikus\date-scape\node_modules\@babel\parser\lib\index.js:13309:10)
    at FlowParserMixin.parseProgram (C:\Users\mikus\date-scape\node_modules\@babel\parser\lib\index.js:12625:10)
    at FlowParserMixin.parseTopLevel (C:\Users\mikus\date-scape\node_modules\@babel\parser\lib\index.js:12615:25)
    at FlowParserMixin.parseTopLevel (C:\Users\mikus\date-scape\node_modules\@babel\parser\lib\index.js:3715:28)
    at FlowParserMixin.parse (C:\Users\mikus\date-scape\node_modules\@babel\parser\lib\index.js:14492:10)
    at parse (C:\Users\mikus\date-scape\node_modules\@babel\parser\lib\index.js:14526:38)
    at parser (C:\Users\mikus\date-scape\node_modules\@babel\core\lib\parser\index.js:41:34)
    at parser.next (<anonymous>)
    at normalizeFile (C:\Users\mikus\date-scape\node_modules\@babel\core\lib\transformation\normalize-file.js:64:37)
    at normalizeFile.next (<anonymous>)
    at run (C:\Users\mikus\date-scape\node_modules\@babel\core\lib\transformation\index.js:22:50)
    at run.next (<anonymous>)
    at transform (C:\Users\mikus\date-scape\node_modules\@babel\core\lib\transform.js:22:33)
    at transform.next (<anonymous>)
    at step (C:\Users\mikus\date-scape\node_modules\gensync\index.js:261:32)
    at C:\Users\mikus\date-scape\node_modules\gensync\index.js:273:13
    at async.call.result.err.err (C:\Users\mikus\date-scape\node_modules\gensync\index.js:223:11)

[1m[31mERROR[39m[22m in [1m[eslint] 
src\components\NotificationPopup.js
  Line 96:10:  Parsing [1m[31merror[39m[22m[1m: [1m[31mUnexpected[39m[22m[1m token (96:10)

[39m[22m

webpack compiled with [1m[31m2 errors[39m[22m and [1m[33m1 warning[39m[22m
Compiling...
Failed to compile.

[eslint] 
src\components\NotificationPopup.js
Syntax error: Unexpected token (96:10) (96:10)
[1m[33mWARNING[39m[22m in [1m[eslint] 
src\components\MultiStepSignup.js
  Line 3:10:  'collection' is defined but never used  no-unused-vars
  Line 4:10:  'getAuth' is defined but never used     no-unused-vars

src\components\SignupStep1.js
  Line 2:10:  'getAuth' is defined but never used                         no-unused-vars
  Line 2:19:  'createUserWithEmailAndPassword' is defined but never used  no-unused-vars

src\firebase\matchStorage.js
  Line 52:11:  'scoreA' is assigned a value but never used     no-unused-vars
  Line 52:19:  'maxScoreA' is assigned a value but never used  no-unused-vars
  Line 52:30:  'scoreB' is assigned a value but never used     no-unused-vars
  Line 52:38:  'maxScoreB' is assigned a value but never used  no-unused-vars

[39m[22m

[1m[31mERROR[39m[22m in [1m./src/MainApp.js[39m[22m [1m[32m26:54-80[39m[22m
[1mModule [1m[31mnot found[39m[22m[1m: [1m[31mError[39m[22m[1m: Can't resolve './pages/ChatPage' in 'C:\Users\mikus\date-scape\src'[39m[22m

[1m[31mERROR[39m[22m in [1m./src/components/NotificationPopup.js[39m[22m
Module build failed (from ./node_modules/babel-loader/lib/index.js):
SyntaxError: C:\Users\mikus\date-scape\src\components\NotificationPopup.js: Unexpected token (96:10)

[0m [90m 94 |[39m   )[33m;[39m
 [90m 95 |[39m }
[31m[1m>[22m[39m[90m 96 |[39m           ) [33m:[39m (
 [90m    |[39m           [31m[1m^[22m[39m
 [90m 97 |[39m             pageItems[33m.[39mmap((n) [33m=>[39m (
 [90m 98 |[39m               [33m<[39m[33mdiv[39m
 [90m 99 |[39m                 key[33m=[39m{n[33m.[39mid}[0m
    at constructor (C:\Users\mikus\date-scape\node_modules\@babel\parser\lib\index.js:367:19)
    at FlowParserMixin.raise (C:\Users\mikus\date-scape\node_modules\@babel\parser\lib\index.js:6627:19)
    at FlowParserMixin.unexpected (C:\Users\mikus\date-scape\node_modules\@babel\parser\lib\index.js:6647:16)
    at FlowParserMixin.parseExprAtom (C:\Users\mikus\date-scape\node_modules\@babel\parser\lib\index.js:11442:16)
    at FlowParserMixin.parseExprAtom (C:\Users\mikus\date-scape\node_modules\@babel\parser\lib\index.js:4794:20)
    at FlowParserMixin.parseExprSubscripts (C:\Users\mikus\date-scape\node_modules\@babel\parser\lib\index.js:11076:23)
    at FlowParserMixin.parseUpdate (C:\Users\mikus\date-scape\node_modules\@babel\parser\lib\index.js:11061:21)
    at FlowParserMixin.parseMaybeUnary (C:\Users\mikus\date-scape\node_modules\@babel\parser\lib\index.js:11041:23)
    at FlowParserMixin.parseMaybeUnaryOrPrivate (C:\Users\mikus\date-scape\node_modules\@babel\parser\lib\index.js:10894:61)
    at FlowParserMixin.parseExprOps (C:\Users\mikus\date-scape\node_modules\@babel\parser\lib\index.js:10899:23)
    at FlowParserMixin.parseMaybeConditional (C:\Users\mikus\date-scape\node_modules\@babel\parser\lib\index.js:10876:23)
    at FlowParserMixin.parseMaybeAssign (C:\Users\mikus\date-scape\node_modules\@babel\parser\lib\index.js:10826:21)
    at FlowParserMixin.parseMaybeAssign (C:\Users\mikus\date-scape\node_modules\@babel\parser\lib\index.js:3579:18)
    at FlowParserMixin.parseExpressionBase (C:\Users\mikus\date-scape\node_modules\@babel\parser\lib\index.js:10779:23)
    at C:\Users\mikus\date-scape\node_modules\@babel\parser\lib\index.js:10775:39
    at FlowParserMixin.allowInAnd (C:\Users\mikus\date-scape\node_modules\@babel\parser\lib\index.js:12422:16)
    at FlowParserMixin.parseExpression (C:\Users\mikus\date-scape\node_modules\@babel\parser\lib\index.js:10775:17)
    at FlowParserMixin.parseStatementContent (C:\Users\mikus\date-scape\node_modules\@babel\parser\lib\index.js:12895:23)
    at FlowParserMixin.parseStatementLike (C:\Users\mikus\date-scape\node_modules\@babel\parser\lib\index.js:12767:17)
    at FlowParserMixin.parseStatementLike (C:\Users\mikus\date-scape\node_modules\@babel\parser\lib\index.js:2946:24)
    at FlowParserMixin.parseModuleItem (C:\Users\mikus\date-scape\node_modules\@babel\parser\lib\index.js:12744:17)
    at FlowParserMixin.parseBlockOrModuleBlockBody (C:\Users\mikus\date-scape\node_modules\@babel\parser\lib\index.js:13316:36)
    at FlowParserMixin.parseBlockBody (C:\Users\mikus\date-scape\node_modules\@babel\parser\lib\index.js:13309:10)
    at FlowParserMixin.parseProgram (C:\Users\mikus\date-scape\node_modules\@babel\parser\lib\index.js:12625:10)
    at FlowParserMixin.parseTopLevel (C:\Users\mikus\date-scape\node_modules\@babel\parser\lib\index.js:12615:25)
    at FlowParserMixin.parseTopLevel (C:\Users\mikus\date-scape\node_modules\@babel\parser\lib\index.js:3715:28)
    at FlowParserMixin.parse (C:\Users\mikus\date-scape\node_modules\@babel\parser\lib\index.js:14492:10)
    at parse (C:\Users\mikus\date-scape\node_modules\@babel\parser\lib\index.js:14526:38)
    at parser (C:\Users\mikus\date-scape\node_modules\@babel\core\lib\parser\index.js:41:34)
    at parser.next (<anonymous>)
    at normalizeFile (C:\Users\mikus\date-scape\node_modules\@babel\core\lib\transformation\normalize-file.js:64:37)
    at normalizeFile.next (<anonymous>)
    at run (C:\Users\mikus\date-scape\node_modules\@babel\core\lib\transformation\index.js:22:50)
    at run.next (<anonymous>)
    at transform (C:\Users\mikus\date-scape\node_modules\@babel\core\lib\transform.js:22:33)
    at transform.next (<anonymous>)
    at step (C:\Users\mikus\date-scape\node_modules\gensync\index.js:261:32)
    at C:\Users\mikus\date-scape\node_modules\gensync\index.js:273:13
    at async.call.result.err.err (C:\Users\mikus\date-scape\node_modules\gensync\index.js:223:11)

[1m[31mERROR[39m[22m in [1m[eslint] 
src\components\NotificationPopup.js
  Line 96:10:  Parsing [1m[31merror[39m[22m[1m: [1m[31mUnexpected[39m[22m[1m token (96:10)

[39m[22m

webpack compiled with [1m[31m3 errors[39m[22m and [1m[33m1 warning[39m[22m
Compiling...
Failed to compile.

[eslint] 
src\components\NotificationPopup.js
Syntax error: Unexpected token (96:10) (96:10)
[1m[33mWARNING[39m[22m in [1m[eslint] 
src\components\MultiStepSignup.js
  Line 3:10:  'collection' is defined but never used  no-unused-vars
  Line 4:10:  'getAuth' is defined but never used     no-unused-vars

src\components\SignupStep1.js
  Line 2:10:  'getAuth' is defined but never used                         no-unused-vars
  Line 2:19:  'createUserWithEmailAndPassword' is defined but never used  no-unused-vars

src\firebase\matchStorage.js
  Line 52:11:  'scoreA' is assigned a value but never used     no-unused-vars
  Line 52:19:  'maxScoreA' is assigned a value but never used  no-unused-vars
  Line 52:30:  'scoreB' is assigned a value but never used     no-unused-vars
  Line 52:38:  'maxScoreB' is assigned a value but never used  no-unused-vars

[39m[22m

[1m[31mERROR[39m[22m in [1m./src/MainApp.js[39m[22m [1m[32m26:54-80[39m[22m
[1mModule [1m[31mnot found[39m[22m[1m: [1m[31mError[39m[22m[1m: Can't resolve './pages/ChatPage' in 'C:\Users\mikus\date-scape\src'[39m[22m

[1m[31mERROR[39m[22m in [1m./src/components/NotificationPopup.js[39m[22m
Module build failed (from ./node_modules/babel-loader/lib/index.js):
SyntaxError: C:\Users\mikus\date-scape\src\components\NotificationPopup.js: Unexpected token (96:10)

[0m [90m 94 |[39m   )[33m;[39m
 [90m 95 |[39m }
[31m[1m>[22m[39m[90m 96 |[39m           ) [33m:[39m (
 [90m    |[39m           [31m[1m^[22m[39m
 [90m 97 |[39m             pageItems[33m.[39mmap((n) [33m=>[39m (
 [90m 98 |[39m               [33m<[39m[33mdiv[39m
 [90m 99 |[39m                 key[33m=[39m{n[33m.[39mid}[0m
    at constructor (C:\Users\mikus\date-scape\node_modules\@babel\parser\lib\index.js:367:19)
    at FlowParserMixin.raise (C:\Users\mikus\date-scape\node_modules\@babel\parser\lib\index.js:6627:19)
    at FlowParserMixin.unexpected (C:\Users\mikus\date-scape\node_modules\@babel\parser\lib\index.js:6647:16)
    at FlowParserMixin.parseExprAtom (C:\Users\mikus\date-scape\node_modules\@babel\parser\lib\index.js:11442:16)
    at FlowParserMixin.parseExprAtom (C:\Users\mikus\date-scape\node_modules\@babel\parser\lib\index.js:4794:20)
    at FlowParserMixin.parseExprSubscripts (C:\Users\mikus\date-scape\node_modules\@babel\parser\lib\index.js:11076:23)
    at FlowParserMixin.parseUpdate (C:\Users\mikus\date-scape\node_modules\@babel\parser\lib\index.js:11061:21)
    at FlowParserMixin.parseMaybeUnary (C:\Users\mikus\date-scape\node_modules\@babel\parser\lib\index.js:11041:23)
    at FlowParserMixin.parseMaybeUnaryOrPrivate (C:\Users\mikus\date-scape\node_modules\@babel\parser\lib\index.js:10894:61)
    at FlowParserMixin.parseExprOps (C:\Users\mikus\date-scape\node_modules\@babel\parser\lib\index.js:10899:23)
    at FlowParserMixin.parseMaybeConditional (C:\Users\mikus\date-scape\node_modules\@babel\parser\lib\index.js:10876:23)
    at FlowParserMixin.parseMaybeAssign (C:\Users\mikus\date-scape\node_modules\@babel\parser\lib\index.js:10826:21)
    at FlowParserMixin.parseMaybeAssign (C:\Users\mikus\date-scape\node_modules\@babel\parser\lib\index.js:3579:18)
    at FlowParserMixin.parseExpressionBase (C:\Users\mikus\date-scape\node_modules\@babel\parser\lib\index.js:10779:23)
    at C:\Users\mikus\date-scape\node_modules\@babel\parser\lib\index.js:10775:39
    at FlowParserMixin.allowInAnd (C:\Users\mikus\date-scape\node_modules\@babel\parser\lib\index.js:12422:16)
    at FlowParserMixin.parseExpression (C:\Users\mikus\date-scape\node_modules\@babel\parser\lib\index.js:10775:17)
    at FlowParserMixin.parseStatementContent (C:\Users\mikus\date-scape\node_modules\@babel\parser\lib\index.js:12895:23)
    at FlowParserMixin.parseStatementLike (C:\Users\mikus\date-scape\node_modules\@babel\parser\lib\index.js:12767:17)
    at FlowParserMixin.parseStatementLike (C:\Users\mikus\date-scape\node_modules\@babel\parser\lib\index.js:2946:24)
    at FlowParserMixin.parseModuleItem (C:\Users\mikus\date-scape\node_modules\@babel\parser\lib\index.js:12744:17)
    at FlowParserMixin.parseBlockOrModuleBlockBody (C:\Users\mikus\date-scape\node_modules\@babel\parser\lib\index.js:13316:36)
    at FlowParserMixin.parseBlockBody (C:\Users\mikus\date-scape\node_modules\@babel\parser\lib\index.js:13309:10)
    at FlowParserMixin.parseProgram (C:\Users\mikus\date-scape\node_modules\@babel\parser\lib\index.js:12625:10)
    at FlowParserMixin.parseTopLevel (C:\Users\mikus\date-scape\node_modules\@babel\parser\lib\index.js:12615:25)
    at FlowParserMixin.parseTopLevel (C:\Users\mikus\date-scape\node_modules\@babel\parser\lib\index.js:3715:28)
    at FlowParserMixin.parse (C:\Users\mikus\date-scape\node_modules\@babel\parser\lib\index.js:14492:10)
    at parse (C:\Users\mikus\date-scape\node_modules\@babel\parser\lib\index.js:14526:38)
    at parser (C:\Users\mikus\date-scape\node_modules\@babel\core\lib\parser\index.js:41:34)
    at parser.next (<anonymous>)
    at normalizeFile (C:\Users\mikus\date-scape\node_modules\@babel\core\lib\transformation\normalize-file.js:64:37)
    at normalizeFile.next (<anonymous>)
    at run (C:\Users\mikus\date-scape\node_modules\@babel\core\lib\transformation\index.js:22:50)
    at run.next (<anonymous>)
    at transform (C:\Users\mikus\date-scape\node_modules\@babel\core\lib\transform.js:22:33)
    at transform.next (<anonymous>)
    at step (C:\Users\mikus\date-scape\node_modules\gensync\index.js:261:32)
    at C:\Users\mikus\date-scape\node_modules\gensync\index.js:273:13
    at async.call.result.err.err (C:\Users\mikus\date-scape\node_modules\gensync\index.js:223:11)

[1m[31mERROR[39m[22m in [1m[eslint] 
src\components\NotificationPopup.js
  Line 96:10:  Parsing [1m[31merror[39m[22m[1m: [1m[31mUnexpected[39m[22m[1m token (96:10)

[39m[22m

webpack compiled with [1m[31m3 errors[39m[22m and [1m[33m1 warning[39m[22m
Compiling...
Failed to compile.

[eslint] 
src\components\NotificationPopup.js
Syntax error: Unexpected token (96:10) (96:10)
[1m[33mWARNING[39m[22m in [1m[eslint] 
src\components\MultiStepSignup.js
  Line 3:10:  'collection' is defined but never used  no-unused-vars
  Line 4:10:  'getAuth' is defined but never used     no-unused-vars

src\components\SignupStep1.js
  Line 2:10:  'getAuth' is defined but never used                         no-unused-vars
  Line 2:19:  'createUserWithEmailAndPassword' is defined but never used  no-unused-vars

src\firebase\matchStorage.js
  Line 52:11:  'scoreA' is assigned a value but never used     no-unused-vars
  Line 52:19:  'maxScoreA' is assigned a value but never used  no-unused-vars
  Line 52:30:  'scoreB' is assigned a value but never used     no-unused-vars
  Line 52:38:  'maxScoreB' is assigned a value but never used  no-unused-vars

[39m[22m

[1m[31mERROR[39m[22m in [1m./src/components/NotificationPopup.js[39m[22m
Module build failed (from ./node_modules/babel-loader/lib/index.js):
SyntaxError: C:\Users\mikus\date-scape\src\components\NotificationPopup.js: Unexpected token (96:10)

[0m [90m 94 |[39m   )[33m;[39m
 [90m 95 |[39m }
[31m[1m>[22m[39m[90m 96 |[39m           ) [33m:[39m (
 [90m    |[39m           [31m[1m^[22m[39m
 [90m 97 |[39m             pageItems[33m.[39mmap((n) [33m=>[39m (
 [90m 98 |[39m               [33m<[39m[33mdiv[39m
 [90m 99 |[39m                 key[33m=[39m{n[33m.[39mid}[0m
    at constructor (C:\Users\mikus\date-scape\node_modules\@babel\parser\lib\index.js:367:19)
    at FlowParserMixin.raise (C:\Users\mikus\date-scape\node_modules\@babel\parser\lib\index.js:6627:19)
    at FlowParserMixin.unexpected (C:\Users\mikus\date-scape\node_modules\@babel\parser\lib\index.js:6647:16)
    at FlowParserMixin.parseExprAtom (C:\Users\mikus\date-scape\node_modules\@babel\parser\lib\index.js:11442:16)
    at FlowParserMixin.parseExprAtom (C:\Users\mikus\date-scape\node_modules\@babel\parser\lib\index.js:4794:20)
    at FlowParserMixin.parseExprSubscripts (C:\Users\mikus\date-scape\node_modules\@babel\parser\lib\index.js:11076:23)
    at FlowParserMixin.parseUpdate (C:\Users\mikus\date-scape\node_modules\@babel\parser\lib\index.js:11061:21)
    at FlowParserMixin.parseMaybeUnary (C:\Users\mikus\date-scape\node_modules\@babel\parser\lib\index.js:11041:23)
    at FlowParserMixin.parseMaybeUnaryOrPrivate (C:\Users\mikus\date-scape\node_modules\@babel\parser\lib\index.js:10894:61)
    at FlowParserMixin.parseExprOps (C:\Users\mikus\date-scape\node_modules\@babel\parser\lib\index.js:10899:23)
    at FlowParserMixin.parseMaybeConditional (C:\Users\mikus\date-scape\node_modules\@babel\parser\lib\index.js:10876:23)
    at FlowParserMixin.parseMaybeAssign (C:\Users\mikus\date-scape\node_modules\@babel\parser\lib\index.js:10826:21)
    at FlowParserMixin.parseMaybeAssign (C:\Users\mikus\date-scape\node_modules\@babel\parser\lib\index.js:3579:18)
    at FlowParserMixin.parseExpressionBase (C:\Users\mikus\date-scape\node_modules\@babel\parser\lib\index.js:10779:23)
    at C:\Users\mikus\date-scape\node_modules\@babel\parser\lib\index.js:10775:39
    at FlowParserMixin.allowInAnd (C:\Users\mikus\date-scape\node_modules\@babel\parser\lib\index.js:12422:16)
    at FlowParserMixin.parseExpression (C:\Users\mikus\date-scape\node_modules\@babel\parser\lib\index.js:10775:17)
    at FlowParserMixin.parseStatementContent (C:\Users\mikus\date-scape\node_modules\@babel\parser\lib\index.js:12895:23)
    at FlowParserMixin.parseStatementLike (C:\Users\mikus\date-scape\node_modules\@babel\parser\lib\index.js:12767:17)
    at FlowParserMixin.parseStatementLike (C:\Users\mikus\date-scape\node_modules\@babel\parser\lib\index.js:2946:24)
    at FlowParserMixin.parseModuleItem (C:\Users\mikus\date-scape\node_modules\@babel\parser\lib\index.js:12744:17)
    at FlowParserMixin.parseBlockOrModuleBlockBody (C:\Users\mikus\date-scape\node_modules\@babel\parser\lib\index.js:13316:36)
    at FlowParserMixin.parseBlockBody (C:\Users\mikus\date-scape\node_modules\@babel\parser\lib\index.js:13309:10)
    at FlowParserMixin.parseProgram (C:\Users\mikus\date-scape\node_modules\@babel\parser\lib\index.js:12625:10)
    at FlowParserMixin.parseTopLevel (C:\Users\mikus\date-scape\node_modules\@babel\parser\lib\index.js:12615:25)
    at FlowParserMixin.parseTopLevel (C:\Users\mikus\date-scape\node_modules\@babel\parser\lib\index.js:3715:28)
    at FlowParserMixin.parse (C:\Users\mikus\date-scape\node_modules\@babel\parser\lib\index.js:14492:10)
    at parse (C:\Users\mikus\date-scape\node_modules\@babel\parser\lib\index.js:14526:38)
    at parser (C:\Users\mikus\date-scape\node_modules\@babel\core\lib\parser\index.js:41:34)
    at parser.next (<anonymous>)
    at normalizeFile (C:\Users\mikus\date-scape\node_modules\@babel\core\lib\transformation\normalize-file.js:64:37)
    at normalizeFile.next (<anonymous>)
    at run (C:\Users\mikus\date-scape\node_modules\@babel\core\lib\transformation\index.js:22:50)
    at run.next (<anonymous>)
    at transform (C:\Users\mikus\date-scape\node_modules\@babel\core\lib\transform.js:22:33)
    at transform.next (<anonymous>)
    at step (C:\Users\mikus\date-scape\node_modules\gensync\index.js:261:32)
    at C:\Users\mikus\date-scape\node_modules\gensync\index.js:273:13
    at async.call.result.err.err (C:\Users\mikus\date-scape\node_modules\gensync\index.js:223:11)

[1m[31mERROR[39m[22m in [1m[eslint] 
src\components\NotificationPopup.js
  Line 96:10:  Parsing [1m[31merror[39m[22m[1m: [1m[31mUnexpected[39m[22m[1m token (96:10)

[39m[22m

webpack compiled with [1m[31m2 errors[39m[22m and [1m[33m1 warning[39m[22m
Compiling...
Failed to compile.

[eslint] 
src\components\NotificationPopup.js
Syntax error: Unexpected token (96:10) (96:10)
[1m[33mWARNING[39m[22m in [1m[eslint] 
src\components\MultiStepSignup.js
  Line 3:10:  'collection' is defined but never used  no-unused-vars
  Line 4:10:  'getAuth' is defined but never used     no-unused-vars

src\components\ProfilePage.js
  Line 6:3:   'disableMessagingForCurrentUser' is defined but never used  no-unused-vars
  Line 7:3:   'getPushPermissionState' is defined but never used          no-unused-vars
  Line 8:3:   'initMessagingForCurrentUser' is defined but never used     no-unused-vars
  Line 33:3:  'getPwaInstallState' is defined but never used              no-unused-vars
  Line 34:3:  'promptForInstall' is defined but never used                no-unused-vars
  Line 35:3:  'subscribePwaInstallState' is defined but never used        no-unused-vars

src\components\SignupStep1.js
  Line 2:10:  'getAuth' is defined but never used                         no-unused-vars
  Line 2:19:  'createUserWithEmailAndPassword' is defined but never used  no-unused-vars

src\firebase\matchStorage.js
  Line 52:11:  'scoreA' is assigned a value but never used     no-unused-vars
  Line 52:19:  'maxScoreA' is assigned a value but never used  no-unused-vars
  Line 52:30:  'scoreB' is assigned a value but never used     no-unused-vars
  Line 52:38:  'maxScoreB' is assigned a value but never used  no-unused-vars

[39m[22m

[1m[31mERROR[39m[22m in [1m./src/components/NotificationPopup.js[39m[22m
Module build failed (from ./node_modules/babel-loader/lib/index.js):
SyntaxError: C:\Users\mikus\date-scape\src\components\NotificationPopup.js: Unexpected token (96:10)

[0m [90m 94 |[39m   )[33m;[39m
 [90m 95 |[39m }
[31m[1m>[22m[39m[90m 96 |[39m           ) [33m:[39m (
 [90m    |[39m           [31m[1m^[22m[39m
 [90m 97 |[39m             pageItems[33m.[39mmap((n) [33m=>[39m (
 [90m 98 |[39m               [33m<[39m[33mdiv[39m
 [90m 99 |[39m                 key[33m=[39m{n[33m.[39mid}[0m
    at constructor (C:\Users\mikus\date-scape\node_modules\@babel\parser\lib\index.js:367:19)
    at FlowParserMixin.raise (C:\Users\mikus\date-scape\node_modules\@babel\parser\lib\index.js:6627:19)
    at FlowParserMixin.unexpected (C:\Users\mikus\date-scape\node_modules\@babel\parser\lib\index.js:6647:16)
    at FlowParserMixin.parseExprAtom (C:\Users\mikus\date-scape\node_modules\@babel\parser\lib\index.js:11442:16)
    at FlowParserMixin.parseExprAtom (C:\Users\mikus\date-scape\node_modules\@babel\parser\lib\index.js:4794:20)
    at FlowParserMixin.parseExprSubscripts (C:\Users\mikus\date-scape\node_modules\@babel\parser\lib\index.js:11076:23)
    at FlowParserMixin.parseUpdate (C:\Users\mikus\date-scape\node_modules\@babel\parser\lib\index.js:11061:21)
    at FlowParserMixin.parseMaybeUnary (C:\Users\mikus\date-scape\node_modules\@babel\parser\lib\index.js:11041:23)
    at FlowParserMixin.parseMaybeUnaryOrPrivate (C:\Users\mikus\date-scape\node_modules\@babel\parser\lib\index.js:10894:61)
    at FlowParserMixin.parseExprOps (C:\Users\mikus\date-scape\node_modules\@babel\parser\lib\index.js:10899:23)
    at FlowParserMixin.parseMaybeConditional (C:\Users\mikus\date-scape\node_modules\@babel\parser\lib\index.js:10876:23)
    at FlowParserMixin.parseMaybeAssign (C:\Users\mikus\date-scape\node_modules\@babel\parser\lib\index.js:10826:21)
    at FlowParserMixin.parseMaybeAssign (C:\Users\mikus\date-scape\node_modules\@babel\parser\lib\index.js:3579:18)
    at FlowParserMixin.parseExpressionBase (C:\Users\mikus\date-scape\node_modules\@babel\parser\lib\index.js:10779:23)
    at C:\Users\mikus\date-scape\node_modules\@babel\parser\lib\index.js:10775:39
    at FlowParserMixin.allowInAnd (C:\Users\mikus\date-scape\node_modules\@babel\parser\lib\index.js:12422:16)
    at FlowParserMixin.parseExpression (C:\Users\mikus\date-scape\node_modules\@babel\parser\lib\index.js:10775:17)
    at FlowParserMixin.parseStatementContent (C:\Users\mikus\date-scape\node_modules\@babel\parser\lib\index.js:12895:23)
    at FlowParserMixin.parseStatementLike (C:\Users\mikus\date-scape\node_modules\@babel\parser\lib\index.js:12767:17)
    at FlowParserMixin.parseStatementLike (C:\Users\mikus\date-scape\node_modules\@babel\parser\lib\index.js:2946:24)
    at FlowParserMixin.parseModuleItem (C:\Users\mikus\date-scape\node_modules\@babel\parser\lib\index.js:12744:17)
    at FlowParserMixin.parseBlockOrModuleBlockBody (C:\Users\mikus\date-scape\node_modules\@babel\parser\lib\index.js:13316:36)
    at FlowParserMixin.parseBlockBody (C:\Users\mikus\date-scape\node_modules\@babel\parser\lib\index.js:13309:10)
    at FlowParserMixin.parseProgram (C:\Users\mikus\date-scape\node_modules\@babel\parser\lib\index.js:12625:10)
    at FlowParserMixin.parseTopLevel (C:\Users\mikus\date-scape\node_modules\@babel\parser\lib\index.js:12615:25)
    at FlowParserMixin.parseTopLevel (C:\Users\mikus\date-scape\node_modules\@babel\parser\lib\index.js:3715:28)
    at FlowParserMixin.parse (C:\Users\mikus\date-scape\node_modules\@babel\parser\lib\index.js:14492:10)
    at parse (C:\Users\mikus\date-scape\node_modules\@babel\parser\lib\index.js:14526:38)
    at parser (C:\Users\mikus\date-scape\node_modules\@babel\core\lib\parser\index.js:41:34)
    at parser.next (<anonymous>)
    at normalizeFile (C:\Users\mikus\date-scape\node_modules\@babel\core\lib\transformation\normalize-file.js:64:37)
    at normalizeFile.next (<anonymous>)
    at run (C:\Users\mikus\date-scape\node_modules\@babel\core\lib\transformation\index.js:22:50)
    at run.next (<anonymous>)
    at transform (C:\Users\mikus\date-scape\node_modules\@babel\core\lib\transform.js:22:33)
    at transform.next (<anonymous>)
    at step (C:\Users\mikus\date-scape\node_modules\gensync\index.js:261:32)
    at C:\Users\mikus\date-scape\node_modules\gensync\index.js:273:13
    at async.call.result.err.err (C:\Users\mikus\date-scape\node_modules\gensync\index.js:223:11)

[1m[31mERROR[39m[22m in [1m[eslint] 
src\components\NotificationPopup.js
  Line 96:10:  Parsing [1m[31merror[39m[22m[1m: [1m[31mUnexpected[39m[22m[1m token (96:10)

[39m[22m

webpack compiled with [1m[31m2 errors[39m[22m and [1m[33m1 warning[39m[22m
Compiling...
Failed to compile.

[eslint] 
src\components\NotificationPopup.js
Syntax error: Unexpected token (96:10) (96:10)
[1m[33mWARNING[39m[22m in [1m[eslint] 
src\components\MultiStepSignup.js
  Line 3:10:  'collection' is defined but never used  no-unused-vars
  Line 4:10:  'getAuth' is defined but never used     no-unused-vars

src\components\ProfilePage.js
  Line 6:3:     'disableMessagingForCurrentUser' is defined but never used  no-unused-vars
  Line 7:3:     'getPushPermissionState' is defined but never used          no-unused-vars
  Line 8:3:     'initMessagingForCurrentUser' is defined but never used     no-unused-vars
  Line 34:3:    'promptForInstall' is defined but never used                no-unused-vars
  Line 35:3:    'subscribePwaInstallState' is defined but never used        no-unused-vars
  Line 220:10:  'pushStatus' is assigned a value but never used             no-unused-vars
  Line 220:22:  'setPushStatus' is assigned a value but never used          no-unused-vars
  Line 221:10:  'pushBusy' is assigned a value but never used               no-unused-vars
  Line 221:20:  'setPushBusy' is assigned a value but never used            no-unused-vars
  Line 222:10:  'installState' is assigned a value but never used           no-unused-vars
  Line 222:24:  'setInstallState' is assigned a value but never used        no-unused-vars
  Line 223:10:  'installBusy' is assigned a value but never used            no-unused-vars
  Line 223:23:  'setInstallBusy' is assigned a value but never used         no-unused-vars

src\components\SignupStep1.js
  Line 2:10:  'getAuth' is defined but never used                         no-unused-vars
  Line 2:19:  'createUserWithEmailAndPassword' is defined but never used  no-unused-vars

src\firebase\matchStorage.js
  Line 52:11:  'scoreA' is assigned a value but never used     no-unused-vars
  Line 52:19:  'maxScoreA' is assigned a value but never used  no-unused-vars
  Line 52:30:  'scoreB' is assigned a value but never used     no-unused-vars
  Line 52:38:  'maxScoreB' is assigned a value but never used  no-unused-vars

[39m[22m

[1m[31mERROR[39m[22m in [1m./src/components/NotificationPopup.js[39m[22m
Module build failed (from ./node_modules/babel-loader/lib/index.js):
SyntaxError: C:\Users\mikus\date-scape\src\components\NotificationPopup.js: Unexpected token (96:10)

[0m [90m 94 |[39m   )[33m;[39m
 [90m 95 |[39m }
[31m[1m>[22m[39m[90m 96 |[39m           ) [33m:[39m (
 [90m    |[39m           [31m[1m^[22m[39m
 [90m 97 |[39m             pageItems[33m.[39mmap((n) [33m=>[39m (
 [90m 98 |[39m               [33m<[39m[33mdiv[39m
 [90m 99 |[39m                 key[33m=[39m{n[33m.[39mid}[0m
    at constructor (C:\Users\mikus\date-scape\node_modules\@babel\parser\lib\index.js:367:19)
    at FlowParserMixin.raise (C:\Users\mikus\date-scape\node_modules\@babel\parser\lib\index.js:6627:19)
    at FlowParserMixin.unexpected (C:\Users\mikus\date-scape\node_modules\@babel\parser\lib\index.js:6647:16)
    at FlowParserMixin.parseExprAtom (C:\Users\mikus\date-scape\node_modules\@babel\parser\lib\index.js:11442:16)
    at FlowParserMixin.parseExprAtom (C:\Users\mikus\date-scape\node_modules\@babel\parser\lib\index.js:4794:20)
    at FlowParserMixin.parseExprSubscripts (C:\Users\mikus\date-scape\node_modules\@babel\parser\lib\index.js:11076:23)
    at FlowParserMixin.parseUpdate (C:\Users\mikus\date-scape\node_modules\@babel\parser\lib\index.js:11061:21)
    at FlowParserMixin.parseMaybeUnary (C:\Users\mikus\date-scape\node_modules\@babel\parser\lib\index.js:11041:23)
    at FlowParserMixin.parseMaybeUnaryOrPrivate (C:\Users\mikus\date-scape\node_modules\@babel\parser\lib\index.js:10894:61)
    at FlowParserMixin.parseExprOps (C:\Users\mikus\date-scape\node_modules\@babel\parser\lib\index.js:10899:23)
    at FlowParserMixin.parseMaybeConditional (C:\Users\mikus\date-scape\node_modules\@babel\parser\lib\index.js:10876:23)
    at FlowParserMixin.parseMaybeAssign (C:\Users\mikus\date-scape\node_modules\@babel\parser\lib\index.js:10826:21)
    at FlowParserMixin.parseMaybeAssign (C:\Users\mikus\date-scape\node_modules\@babel\parser\lib\index.js:3579:18)
    at FlowParserMixin.parseExpressionBase (C:\Users\mikus\date-scape\node_modules\@babel\parser\lib\index.js:10779:23)
    at C:\Users\mikus\date-scape\node_modules\@babel\parser\lib\index.js:10775:39
    at FlowParserMixin.allowInAnd (C:\Users\mikus\date-scape\node_modules\@babel\parser\lib\index.js:12422:16)
    at FlowParserMixin.parseExpression (C:\Users\mikus\date-scape\node_modules\@babel\parser\lib\index.js:10775:17)
    at FlowParserMixin.parseStatementContent (C:\Users\mikus\date-scape\node_modules\@babel\parser\lib\index.js:12895:23)
    at FlowParserMixin.parseStatementLike (C:\Users\mikus\date-scape\node_modules\@babel\parser\lib\index.js:12767:17)
    at FlowParserMixin.parseStatementLike (C:\Users\mikus\date-scape\node_modules\@babel\parser\lib\index.js:2946:24)
    at FlowParserMixin.parseModuleItem (C:\Users\mikus\date-scape\node_modules\@babel\parser\lib\index.js:12744:17)
    at FlowParserMixin.parseBlockOrModuleBlockBody (C:\Users\mikus\date-scape\node_modules\@babel\parser\lib\index.js:13316:36)
    at FlowParserMixin.parseBlockBody (C:\Users\mikus\date-scape\node_modules\@babel\parser\lib\index.js:13309:10)
    at FlowParserMixin.parseProgram (C:\Users\mikus\date-scape\node_modules\@babel\parser\lib\index.js:12625:10)
    at FlowParserMixin.parseTopLevel (C:\Users\mikus\date-scape\node_modules\@babel\parser\lib\index.js:12615:25)
    at FlowParserMixin.parseTopLevel (C:\Users\mikus\date-scape\node_modules\@babel\parser\lib\index.js:3715:28)
    at FlowParserMixin.parse (C:\Users\mikus\date-scape\node_modules\@babel\parser\lib\index.js:14492:10)
    at parse (C:\Users\mikus\date-scape\node_modules\@babel\parser\lib\index.js:14526:38)
    at parser (C:\Users\mikus\date-scape\node_modules\@babel\core\lib\parser\index.js:41:34)
    at parser.next (<anonymous>)
    at normalizeFile (C:\Users\mikus\date-scape\node_modules\@babel\core\lib\transformation\normalize-file.js:64:37)
    at normalizeFile.next (<anonymous>)
    at run (C:\Users\mikus\date-scape\node_modules\@babel\core\lib\transformation\index.js:22:50)
    at run.next (<anonymous>)
    at transform (C:\Users\mikus\date-scape\node_modules\@babel\core\lib\transform.js:22:33)
    at transform.next (<anonymous>)
    at step (C:\Users\mikus\date-scape\node_modules\gensync\index.js:261:32)
    at C:\Users\mikus\date-scape\node_modules\gensync\index.js:273:13
    at async.call.result.err.err (C:\Users\mikus\date-scape\node_modules\gensync\index.js:223:11)

[1m[31mERROR[39m[22m in [1m[eslint] 
src\components\NotificationPopup.js
  Line 96:10:  Parsing [1m[31merror[39m[22m[1m: [1m[31mUnexpected[39m[22m[1m token (96:10)

[39m[22m

webpack compiled with [1m[31m2 errors[39m[22m and [1m[33m1 warning[39m[22m
Compiling...
Failed to compile.

[eslint] 
src\components\NotificationPopup.js
Syntax error: Unexpected token (96:10) (96:10)
[1m[33mWARNING[39m[22m in [1m[eslint] 
src\components\MultiStepSignup.js
  Line 3:10:  'collection' is defined but never used  no-unused-vars
  Line 4:10:  'getAuth' is defined but never used     no-unused-vars

src\components\ProfilePage.js
  Line 6:3:     'disableMessagingForCurrentUser' is defined but never used  no-unused-vars
  Line 34:3:    'promptForInstall' is defined but never used                no-unused-vars
  Line 220:10:  'pushStatus' is assigned a value but never used             no-unused-vars
  Line 221:10:  'pushBusy' is assigned a value but never used               no-unused-vars
  Line 221:20:  'setPushBusy' is assigned a value but never used            no-unused-vars
  Line 222:10:  'installState' is assigned a value but never used           no-unused-vars
  Line 223:10:  'installBusy' is assigned a value but never used            no-unused-vars
  Line 223:23:  'setInstallBusy' is assigned a value but never used         no-unused-vars

src\components\SignupStep1.js
  Line 2:10:  'getAuth' is defined but never used                         no-unused-vars
  Line 2:19:  'createUserWithEmailAndPassword' is defined but never used  no-unused-vars

src\firebase\matchStorage.js
  Line 52:11:  'scoreA' is assigned a value but never used     no-unused-vars
  Line 52:19:  'maxScoreA' is assigned a value but never used  no-unused-vars
  Line 52:30:  'scoreB' is assigned a value but never used     no-unused-vars
  Line 52:38:  'maxScoreB' is assigned a value but never used  no-unused-vars

[39m[22m

[1m[31mERROR[39m[22m in [1m./src/components/NotificationPopup.js[39m[22m
Module build failed (from ./node_modules/babel-loader/lib/index.js):
SyntaxError: C:\Users\mikus\date-scape\src\components\NotificationPopup.js: Unexpected token (96:10)

[0m [90m 94 |[39m   )[33m;[39m
 [90m 95 |[39m }
[31m[1m>[22m[39m[90m 96 |[39m           ) [33m:[39m (
 [90m    |[39m           [31m[1m^[22m[39m
 [90m 97 |[39m             pageItems[33m.[39mmap((n) [33m=>[39m (
 [90m 98 |[39m               [33m<[39m[33mdiv[39m
 [90m 99 |[39m                 key[33m=[39m{n[33m.[39mid}[0m
    at constructor (C:\Users\mikus\date-scape\node_modules\@babel\parser\lib\index.js:367:19)
    at FlowParserMixin.raise (C:\Users\mikus\date-scape\node_modules\@babel\parser\lib\index.js:6627:19)
    at FlowParserMixin.unexpected (C:\Users\mikus\date-scape\node_modules\@babel\parser\lib\index.js:6647:16)
    at FlowParserMixin.parseExprAtom (C:\Users\mikus\date-scape\node_modules\@babel\parser\lib\index.js:11442:16)
    at FlowParserMixin.parseExprAtom (C:\Users\mikus\date-scape\node_modules\@babel\parser\lib\index.js:4794:20)
    at FlowParserMixin.parseExprSubscripts (C:\Users\mikus\date-scape\node_modules\@babel\parser\lib\index.js:11076:23)
    at FlowParserMixin.parseUpdate (C:\Users\mikus\date-scape\node_modules\@babel\parser\lib\index.js:11061:21)
    at FlowParserMixin.parseMaybeUnary (C:\Users\mikus\date-scape\node_modules\@babel\parser\lib\index.js:11041:23)
    at FlowParserMixin.parseMaybeUnaryOrPrivate (C:\Users\mikus\date-scape\node_modules\@babel\parser\lib\index.js:10894:61)
    at FlowParserMixin.parseExprOps (C:\Users\mikus\date-scape\node_modules\@babel\parser\lib\index.js:10899:23)
    at FlowParserMixin.parseMaybeConditional (C:\Users\mikus\date-scape\node_modules\@babel\parser\lib\index.js:10876:23)
    at FlowParserMixin.parseMaybeAssign (C:\Users\mikus\date-scape\node_modules\@babel\parser\lib\index.js:10826:21)
    at FlowParserMixin.parseMaybeAssign (C:\Users\mikus\date-scape\node_modules\@babel\parser\lib\index.js:3579:18)
    at FlowParserMixin.parseExpressionBase (C:\Users\mikus\date-scape\node_modules\@babel\parser\lib\index.js:10779:23)
    at C:\Users\mikus\date-scape\node_modules\@babel\parser\lib\index.js:10775:39
    at FlowParserMixin.allowInAnd (C:\Users\mikus\date-scape\node_modules\@babel\parser\lib\index.js:12422:16)
    at FlowParserMixin.parseExpression (C:\Users\mikus\date-scape\node_modules\@babel\parser\lib\index.js:10775:17)
    at FlowParserMixin.parseStatementContent (C:\Users\mikus\date-scape\node_modules\@babel\parser\lib\index.js:12895:23)
    at FlowParserMixin.parseStatementLike (C:\Users\mikus\date-scape\node_modules\@babel\parser\lib\index.js:12767:17)
    at FlowParserMixin.parseStatementLike (C:\Users\mikus\date-scape\node_modules\@babel\parser\lib\index.js:2946:24)
    at FlowParserMixin.parseModuleItem (C:\Users\mikus\date-scape\node_modules\@babel\parser\lib\index.js:12744:17)
    at FlowParserMixin.parseBlockOrModuleBlockBody (C:\Users\mikus\date-scape\node_modules\@babel\parser\lib\index.js:13316:36)
    at FlowParserMixin.parseBlockBody (C:\Users\mikus\date-scape\node_modules\@babel\parser\lib\index.js:13309:10)
    at FlowParserMixin.parseProgram (C:\Users\mikus\date-scape\node_modules\@babel\parser\lib\index.js:12625:10)
    at FlowParserMixin.parseTopLevel (C:\Users\mikus\date-scape\node_modules\@babel\parser\lib\index.js:12615:25)
    at FlowParserMixin.parseTopLevel (C:\Users\mikus\date-scape\node_modules\@babel\parser\lib\index.js:3715:28)
    at FlowParserMixin.parse (C:\Users\mikus\date-scape\node_modules\@babel\parser\lib\index.js:14492:10)
    at parse (C:\Users\mikus\date-scape\node_modules\@babel\parser\lib\index.js:14526:38)
    at parser (C:\Users\mikus\date-scape\node_modules\@babel\core\lib\parser\index.js:41:34)
    at parser.next (<anonymous>)
    at normalizeFile (C:\Users\mikus\date-scape\node_modules\@babel\core\lib\transformation\normalize-file.js:64:37)
    at normalizeFile.next (<anonymous>)
    at run (C:\Users\mikus\date-scape\node_modules\@babel\core\lib\transformation\index.js:22:50)
    at run.next (<anonymous>)
    at transform (C:\Users\mikus\date-scape\node_modules\@babel\core\lib\transform.js:22:33)
    at transform.next (<anonymous>)
    at step (C:\Users\mikus\date-scape\node_modules\gensync\index.js:261:32)
    at C:\Users\mikus\date-scape\node_modules\gensync\index.js:273:13
    at async.call.result.err.err (C:\Users\mikus\date-scape\node_modules\gensync\index.js:223:11)

[1m[31mERROR[39m[22m in [1m[eslint] 
src\components\NotificationPopup.js
  Line 96:10:  Parsing [1m[31merror[39m[22m[1m: [1m[31mUnexpected[39m[22m[1m token (96:10)

[39m[22m

webpack compiled with [1m[31m2 errors[39m[22m and [1m[33m1 warning[39m[22m
Compiling...
Failed to compile.

[eslint] 
src\components\NotificationPopup.js
Syntax error: Unexpected token (96:10) (96:10)
[1m[33mWARNING[39m[22m in [1m[eslint] 
src\components\MultiStepSignup.js
  Line 3:10:  'collection' is defined but never used  no-unused-vars
  Line 4:10:  'getAuth' is defined but never used     no-unused-vars

src\components\ProfilePage.js
  Line 220:10:  'pushStatus' is assigned a value but never used               no-unused-vars
  Line 221:10:  'pushBusy' is assigned a value but never used                 no-unused-vars
  Line 222:10:  'installState' is assigned a value but never used             no-unused-vars
  Line 223:10:  'installBusy' is assigned a value but never used              no-unused-vars
  Line 494:9:   'enablePushOnThisDevice' is assigned a value but never used   no-unused-vars
  Line 504:9:   'disablePushOnThisDevice' is assigned a value but never used  no-unused-vars
  Line 514:9:   'installApp' is assigned a value but never used               no-unused-vars

src\components\SignupStep1.js
  Line 2:10:  'getAuth' is defined but never used                         no-unused-vars
  Line 2:19:  'createUserWithEmailAndPassword' is defined but never used  no-unused-vars

src\firebase\matchStorage.js
  Line 52:11:  'scoreA' is assigned a value but never used     no-unused-vars
  Line 52:19:  'maxScoreA' is assigned a value but never used  no-unused-vars
  Line 52:30:  'scoreB' is assigned a value but never used     no-unused-vars
  Line 52:38:  'maxScoreB' is assigned a value but never used  no-unused-vars

[39m[22m

[1m[31mERROR[39m[22m in [1m./src/components/NotificationPopup.js[39m[22m
Module build failed (from ./node_modules/babel-loader/lib/index.js):
SyntaxError: C:\Users\mikus\date-scape\src\components\NotificationPopup.js: Unexpected token (96:10)

[0m [90m 94 |[39m   )[33m;[39m
 [90m 95 |[39m }
[31m[1m>[22m[39m[90m 96 |[39m           ) [33m:[39m (
 [90m    |[39m           [31m[1m^[22m[39m
 [90m 97 |[39m             pageItems[33m.[39mmap((n) [33m=>[39m (
 [90m 98 |[39m               [33m<[39m[33mdiv[39m
 [90m 99 |[39m                 key[33m=[39m{n[33m.[39mid}[0m
    at constructor (C:\Users\mikus\date-scape\node_modules\@babel\parser\lib\index.js:367:19)
    at FlowParserMixin.raise (C:\Users\mikus\date-scape\node_modules\@babel\parser\lib\index.js:6627:19)
    at FlowParserMixin.unexpected (C:\Users\mikus\date-scape\node_modules\@babel\parser\lib\index.js:6647:16)
    at FlowParserMixin.parseExprAtom (C:\Users\mikus\date-scape\node_modules\@babel\parser\lib\index.js:11442:16)
    at FlowParserMixin.parseExprAtom (C:\Users\mikus\date-scape\node_modules\@babel\parser\lib\index.js:4794:20)
    at FlowParserMixin.parseExprSubscripts (C:\Users\mikus\date-scape\node_modules\@babel\parser\lib\index.js:11076:23)
    at FlowParserMixin.parseUpdate (C:\Users\mikus\date-scape\node_modules\@babel\parser\lib\index.js:11061:21)
    at FlowParserMixin.parseMaybeUnary (C:\Users\mikus\date-scape\node_modules\@babel\parser\lib\index.js:11041:23)
    at FlowParserMixin.parseMaybeUnaryOrPrivate (C:\Users\mikus\date-scape\node_modules\@babel\parser\lib\index.js:10894:61)
    at FlowParserMixin.parseExprOps (C:\Users\mikus\date-scape\node_modules\@babel\parser\lib\index.js:10899:23)
    at FlowParserMixin.parseMaybeConditional (C:\Users\mikus\date-scape\node_modules\@babel\parser\lib\index.js:10876:23)
    at FlowParserMixin.parseMaybeAssign (C:\Users\mikus\date-scape\node_modules\@babel\parser\lib\index.js:10826:21)
    at FlowParserMixin.parseMaybeAssign (C:\Users\mikus\date-scape\node_modules\@babel\parser\lib\index.js:3579:18)
    at FlowParserMixin.parseExpressionBase (C:\Users\mikus\date-scape\node_modules\@babel\parser\lib\index.js:10779:23)
    at C:\Users\mikus\date-scape\node_modules\@babel\parser\lib\index.js:10775:39
    at FlowParserMixin.allowInAnd (C:\Users\mikus\date-scape\node_modules\@babel\parser\lib\index.js:12422:16)
    at FlowParserMixin.parseExpression (C:\Users\mikus\date-scape\node_modules\@babel\parser\lib\index.js:10775:17)
    at FlowParserMixin.parseStatementContent (C:\Users\mikus\date-scape\node_modules\@babel\parser\lib\index.js:12895:23)
    at FlowParserMixin.parseStatementLike (C:\Users\mikus\date-scape\node_modules\@babel\parser\lib\index.js:12767:17)
    at FlowParserMixin.parseStatementLike (C:\Users\mikus\date-scape\node_modules\@babel\parser\lib\index.js:2946:24)
    at FlowParserMixin.parseModuleItem (C:\Users\mikus\date-scape\node_modules\@babel\parser\lib\index.js:12744:17)
    at FlowParserMixin.parseBlockOrModuleBlockBody (C:\Users\mikus\date-scape\node_modules\@babel\parser\lib\index.js:13316:36)
    at FlowParserMixin.parseBlockBody (C:\Users\mikus\date-scape\node_modules\@babel\parser\lib\index.js:13309:10)
    at FlowParserMixin.parseProgram (C:\Users\mikus\date-scape\node_modules\@babel\parser\lib\index.js:12625:10)
    at FlowParserMixin.parseTopLevel (C:\Users\mikus\date-scape\node_modules\@babel\parser\lib\index.js:12615:25)
    at FlowParserMixin.parseTopLevel (C:\Users\mikus\date-scape\node_modules\@babel\parser\lib\index.js:3715:28)
    at FlowParserMixin.parse (C:\Users\mikus\date-scape\node_modules\@babel\parser\lib\index.js:14492:10)
    at parse (C:\Users\mikus\date-scape\node_modules\@babel\parser\lib\index.js:14526:38)
    at parser (C:\Users\mikus\date-scape\node_modules\@babel\core\lib\parser\index.js:41:34)
    at parser.next (<anonymous>)
    at normalizeFile (C:\Users\mikus\date-scape\node_modules\@babel\core\lib\transformation\normalize-file.js:64:37)
    at normalizeFile.next (<anonymous>)
    at run (C:\Users\mikus\date-scape\node_modules\@babel\core\lib\transformation\index.js:22:50)
    at run.next (<anonymous>)
    at transform (C:\Users\mikus\date-scape\node_modules\@babel\core\lib\transform.js:22:33)
    at transform.next (<anonymous>)
    at step (C:\Users\mikus\date-scape\node_modules\gensync\index.js:261:32)
    at C:\Users\mikus\date-scape\node_modules\gensync\index.js:273:13
    at async.call.result.err.err (C:\Users\mikus\date-scape\node_modules\gensync\index.js:223:11)

[1m[31mERROR[39m[22m in [1m[eslint] 
src\components\NotificationPopup.js
  Line 96:10:  Parsing [1m[31merror[39m[22m[1m: [1m[31mUnexpected[39m[22m[1m token (96:10)

[39m[22m

webpack compiled with [1m[31m2 errors[39m[22m and [1m[33m1 warning[39m[22m
Compiling...
Failed to compile.

[eslint] 
src\components\NotificationPopup.js
Syntax error: Unexpected token (96:10) (96:10)
[1m[33mWARNING[39m[22m in [1m[eslint] 
src\components\MultiStepSignup.js
  Line 3:10:  'collection' is defined but never used  no-unused-vars
  Line 4:10:  'getAuth' is defined but never used     no-unused-vars

src\components\ProfilePage.js
  Line 221:10:  'pushBusy' is assigned a value but never used                 no-unused-vars
  Line 222:10:  'installState' is assigned a value but never used             no-unused-vars
  Line 223:10:  'installBusy' is assigned a value but never used              no-unused-vars
  Line 494:9:   'enablePushOnThisDevice' is assigned a value but never used   no-unused-vars
  Line 504:9:   'disablePushOnThisDevice' is assigned a value but never used  no-unused-vars
  Line 514:9:   'installApp' is assigned a value but never used               no-unused-vars
  Line 558:9:   'pushStatusLabel' is assigned a value but never used          no-unused-vars

src\components\SignupStep1.js
  Line 2:10:  'getAuth' is defined but never used                         no-unused-vars
  Line 2:19:  'createUserWithEmailAndPassword' is defined but never used  no-unused-vars

src\firebase\matchStorage.js
  Line 52:11:  'scoreA' is assigned a value but never used     no-unused-vars
  Line 52:19:  'maxScoreA' is assigned a value but never used  no-unused-vars
  Line 52:30:  'scoreB' is assigned a value but never used     no-unused-vars
  Line 52:38:  'maxScoreB' is assigned a value but never used  no-unused-vars

[39m[22m

[1m[31mERROR[39m[22m in [1m./src/components/NotificationPopup.js[39m[22m
Module build failed (from ./node_modules/babel-loader/lib/index.js):
SyntaxError: C:\Users\mikus\date-scape\src\components\NotificationPopup.js: Unexpected token (96:10)

[0m [90m 94 |[39m   )[33m;[39m
 [90m 95 |[39m }
[31m[1m>[22m[39m[90m 96 |[39m           ) [33m:[39m (
 [90m    |[39m           [31m[1m^[22m[39m
 [90m 97 |[39m             pageItems[33m.[39mmap((n) [33m=>[39m (
 [90m 98 |[39m               [33m<[39m[33mdiv[39m
 [90m 99 |[39m                 key[33m=[39m{n[33m.[39mid}[0m
    at constructor (C:\Users\mikus\date-scape\node_modules\@babel\parser\lib\index.js:367:19)
    at FlowParserMixin.raise (C:\Users\mikus\date-scape\node_modules\@babel\parser\lib\index.js:6627:19)
    at FlowParserMixin.unexpected (C:\Users\mikus\date-scape\node_modules\@babel\parser\lib\index.js:6647:16)
    at FlowParserMixin.parseExprAtom (C:\Users\mikus\date-scape\node_modules\@babel\parser\lib\index.js:11442:16)
    at FlowParserMixin.parseExprAtom (C:\Users\mikus\date-scape\node_modules\@babel\parser\lib\index.js:4794:20)
    at FlowParserMixin.parseExprSubscripts (C:\Users\mikus\date-scape\node_modules\@babel\parser\lib\index.js:11076:23)
    at FlowParserMixin.parseUpdate (C:\Users\mikus\date-scape\node_modules\@babel\parser\lib\index.js:11061:21)
    at FlowParserMixin.parseMaybeUnary (C:\Users\mikus\date-scape\node_modules\@babel\parser\lib\index.js:11041:23)
    at FlowParserMixin.parseMaybeUnaryOrPrivate (C:\Users\mikus\date-scape\node_modules\@babel\parser\lib\index.js:10894:61)
    at FlowParserMixin.parseExprOps (C:\Users\mikus\date-scape\node_modules\@babel\parser\lib\index.js:10899:23)
    at FlowParserMixin.parseMaybeConditional (C:\Users\mikus\date-scape\node_modules\@babel\parser\lib\index.js:10876:23)
    at FlowParserMixin.parseMaybeAssign (C:\Users\mikus\date-scape\node_modules\@babel\parser\lib\index.js:10826:21)
    at FlowParserMixin.parseMaybeAssign (C:\Users\mikus\date-scape\node_modules\@babel\parser\lib\index.js:3579:18)
    at FlowParserMixin.parseExpressionBase (C:\Users\mikus\date-scape\node_modules\@babel\parser\lib\index.js:10779:23)
    at C:\Users\mikus\date-scape\node_modules\@babel\parser\lib\index.js:10775:39
    at FlowParserMixin.allowInAnd (C:\Users\mikus\date-scape\node_modules\@babel\parser\lib\index.js:12422:16)
    at FlowParserMixin.parseExpression (C:\Users\mikus\date-scape\node_modules\@babel\parser\lib\index.js:10775:17)
    at FlowParserMixin.parseStatementContent (C:\Users\mikus\date-scape\node_modules\@babel\parser\lib\index.js:12895:23)
    at FlowParserMixin.parseStatementLike (C:\Users\mikus\date-scape\node_modules\@babel\parser\lib\index.js:12767:17)
    at FlowParserMixin.parseStatementLike (C:\Users\mikus\date-scape\node_modules\@babel\parser\lib\index.js:2946:24)
    at FlowParserMixin.parseModuleItem (C:\Users\mikus\date-scape\node_modules\@babel\parser\lib\index.js:12744:17)
    at FlowParserMixin.parseBlockOrModuleBlockBody (C:\Users\mikus\date-scape\node_modules\@babel\parser\lib\index.js:13316:36)
    at FlowParserMixin.parseBlockBody (C:\Users\mikus\date-scape\node_modules\@babel\parser\lib\index.js:13309:10)
    at FlowParserMixin.parseProgram (C:\Users\mikus\date-scape\node_modules\@babel\parser\lib\index.js:12625:10)
    at FlowParserMixin.parseTopLevel (C:\Users\mikus\date-scape\node_modules\@babel\parser\lib\index.js:12615:25)
    at FlowParserMixin.parseTopLevel (C:\Users\mikus\date-scape\node_modules\@babel\parser\lib\index.js:3715:28)
    at FlowParserMixin.parse (C:\Users\mikus\date-scape\node_modules\@babel\parser\lib\index.js:14492:10)
    at parse (C:\Users\mikus\date-scape\node_modules\@babel\parser\lib\index.js:14526:38)
    at parser (C:\Users\mikus\date-scape\node_modules\@babel\core\lib\parser\index.js:41:34)
    at parser.next (<anonymous>)
    at normalizeFile (C:\Users\mikus\date-scape\node_modules\@babel\core\lib\transformation\normalize-file.js:64:37)
    at normalizeFile.next (<anonymous>)
    at run (C:\Users\mikus\date-scape\node_modules\@babel\core\lib\transformation\index.js:22:50)
    at run.next (<anonymous>)
    at transform (C:\Users\mikus\date-scape\node_modules\@babel\core\lib\transform.js:22:33)
    at transform.next (<anonymous>)
    at step (C:\Users\mikus\date-scape\node_modules\gensync\index.js:261:32)
    at C:\Users\mikus\date-scape\node_modules\gensync\index.js:273:13
    at async.call.result.err.err (C:\Users\mikus\date-scape\node_modules\gensync\index.js:223:11)

[1m[31mERROR[39m[22m in [1m[eslint] 
src\components\NotificationPopup.js
  Line 96:10:  Parsing [1m[31merror[39m[22m[1m: [1m[31mUnexpected[39m[22m[1m token (96:10)

[39m[22m

webpack compiled with [1m[31m2 errors[39m[22m and [1m[33m1 warning[39m[22m
Compiling...
Failed to compile.

[eslint] 
src\components\NotificationPopup.js
Syntax error: Unexpected token (96:10) (96:10)
[1m[33mWARNING[39m[22m in [1m[eslint] 
src\components\MultiStepSignup.js
  Line 3:10:  'collection' is defined but never used  no-unused-vars
  Line 4:10:  'getAuth' is defined but never used     no-unused-vars

src\components\SignupStep1.js
  Line 2:10:  'getAuth' is defined but never used                         no-unused-vars
  Line 2:19:  'createUserWithEmailAndPassword' is defined but never used  no-unused-vars

src\firebase\matchStorage.js
  Line 52:11:  'scoreA' is assigned a value but never used     no-unused-vars
  Line 52:19:  'maxScoreA' is assigned a value but never used  no-unused-vars
  Line 52:30:  'scoreB' is assigned a value but never used     no-unused-vars
  Line 52:38:  'maxScoreB' is assigned a value but never used  no-unused-vars

[39m[22m

[1m[31mERROR[39m[22m in [1m./src/components/NotificationPopup.js[39m[22m
Module build failed (from ./node_modules/babel-loader/lib/index.js):
SyntaxError: C:\Users\mikus\date-scape\src\components\NotificationPopup.js: Unexpected token (96:10)

[0m [90m 94 |[39m   )[33m;[39m
 [90m 95 |[39m }
[31m[1m>[22m[39m[90m 96 |[39m           ) [33m:[39m (
 [90m    |[39m           [31m[1m^[22m[39m
 [90m 97 |[39m             pageItems[33m.[39mmap((n) [33m=>[39m (
 [90m 98 |[39m               [33m<[39m[33mdiv[39m
 [90m 99 |[39m                 key[33m=[39m{n[33m.[39mid}[0m
    at constructor (C:\Users\mikus\date-scape\node_modules\@babel\parser\lib\index.js:367:19)
    at FlowParserMixin.raise (C:\Users\mikus\date-scape\node_modules\@babel\parser\lib\index.js:6627:19)
    at FlowParserMixin.unexpected (C:\Users\mikus\date-scape\node_modules\@babel\parser\lib\index.js:6647:16)
    at FlowParserMixin.parseExprAtom (C:\Users\mikus\date-scape\node_modules\@babel\parser\lib\index.js:11442:16)
    at FlowParserMixin.parseExprAtom (C:\Users\mikus\date-scape\node_modules\@babel\parser\lib\index.js:4794:20)
    at FlowParserMixin.parseExprSubscripts (C:\Users\mikus\date-scape\node_modules\@babel\parser\lib\index.js:11076:23)
    at FlowParserMixin.parseUpdate (C:\Users\mikus\date-scape\node_modules\@babel\parser\lib\index.js:11061:21)
    at FlowParserMixin.parseMaybeUnary (C:\Users\mikus\date-scape\node_modules\@babel\parser\lib\index.js:11041:23)
    at FlowParserMixin.parseMaybeUnaryOrPrivate (C:\Users\mikus\date-scape\node_modules\@babel\parser\lib\index.js:10894:61)
    at FlowParserMixin.parseExprOps (C:\Users\mikus\date-scape\node_modules\@babel\parser\lib\index.js:10899:23)
    at FlowParserMixin.parseMaybeConditional (C:\Users\mikus\date-scape\node_modules\@babel\parser\lib\index.js:10876:23)
    at FlowParserMixin.parseMaybeAssign (C:\Users\mikus\date-scape\node_modules\@babel\parser\lib\index.js:10826:21)
    at FlowParserMixin.parseMaybeAssign (C:\Users\mikus\date-scape\node_modules\@babel\parser\lib\index.js:3579:18)
    at FlowParserMixin.parseExpressionBase (C:\Users\mikus\date-scape\node_modules\@babel\parser\lib\index.js:10779:23)
    at C:\Users\mikus\date-scape\node_modules\@babel\parser\lib\index.js:10775:39
    at FlowParserMixin.allowInAnd (C:\Users\mikus\date-scape\node_modules\@babel\parser\lib\index.js:12422:16)
    at FlowParserMixin.parseExpression (C:\Users\mikus\date-scape\node_modules\@babel\parser\lib\index.js:10775:17)
    at FlowParserMixin.parseStatementContent (C:\Users\mikus\date-scape\node_modules\@babel\parser\lib\index.js:12895:23)
    at FlowParserMixin.parseStatementLike (C:\Users\mikus\date-scape\node_modules\@babel\parser\lib\index.js:12767:17)
    at FlowParserMixin.parseStatementLike (C:\Users\mikus\date-scape\node_modules\@babel\parser\lib\index.js:2946:24)
    at FlowParserMixin.parseModuleItem (C:\Users\mikus\date-scape\node_modules\@babel\parser\lib\index.js:12744:17)
    at FlowParserMixin.parseBlockOrModuleBlockBody (C:\Users\mikus\date-scape\node_modules\@babel\parser\lib\index.js:13316:36)
    at FlowParserMixin.parseBlockBody (C:\Users\mikus\date-scape\node_modules\@babel\parser\lib\index.js:13309:10)
    at FlowParserMixin.parseProgram (C:\Users\mikus\date-scape\node_modules\@babel\parser\lib\index.js:12625:10)
    at FlowParserMixin.parseTopLevel (C:\Users\mikus\date-scape\node_modules\@babel\parser\lib\index.js:12615:25)
    at FlowParserMixin.parseTopLevel (C:\Users\mikus\date-scape\node_modules\@babel\parser\lib\index.js:3715:28)
    at FlowParserMixin.parse (C:\Users\mikus\date-scape\node_modules\@babel\parser\lib\index.js:14492:10)
    at parse (C:\Users\mikus\date-scape\node_modules\@babel\parser\lib\index.js:14526:38)
    at parser (C:\Users\mikus\date-scape\node_modules\@babel\core\lib\parser\index.js:41:34)
    at parser.next (<anonymous>)
    at normalizeFile (C:\Users\mikus\date-scape\node_modules\@babel\core\lib\transformation\normalize-file.js:64:37)
    at normalizeFile.next (<anonymous>)
    at run (C:\Users\mikus\date-scape\node_modules\@babel\core\lib\transformation\index.js:22:50)
    at run.next (<anonymous>)
    at transform (C:\Users\mikus\date-scape\node_modules\@babel\core\lib\transform.js:22:33)
    at transform.next (<anonymous>)
    at step (C:\Users\mikus\date-scape\node_modules\gensync\index.js:261:32)
    at C:\Users\mikus\date-scape\node_modules\gensync\index.js:273:13
    at async.call.result.err.err (C:\Users\mikus\date-scape\node_modules\gensync\index.js:223:11)

[1m[31mERROR[39m[22m in [1m[eslint] 
src\components\NotificationPopup.js
  Line 96:10:  Parsing [1m[31merror[39m[22m[1m: [1m[31mUnexpected[39m[22m[1m token (96:10)

[39m[22m

webpack compiled with [1m[31m2 errors[39m[22m and [1m[33m1 warning[39m[22m
Compiling...
Failed to compile.

[eslint] 
src\components\NotificationPopup.js
Syntax error: Unexpected token (96:10) (96:10)
[1m[33mWARNING[39m[22m in [1m[eslint] 
src\components\MultiStepSignup.js
  Line 3:10:  'collection' is defined but never used  no-unused-vars
  Line 4:10:  'getAuth' is defined but never used     no-unused-vars

src\components\SignupStep1.js
  Line 2:10:  'getAuth' is defined but never used                         no-unused-vars
  Line 2:19:  'createUserWithEmailAndPassword' is defined but never used  no-unused-vars

src\firebase\matchStorage.js
  Line 52:11:  'scoreA' is assigned a value but never used     no-unused-vars
  Line 52:19:  'maxScoreA' is assigned a value but never used  no-unused-vars
  Line 52:30:  'scoreB' is assigned a value but never used     no-unused-vars
  Line 52:38:  'maxScoreB' is assigned a value but never used  no-unused-vars

[39m[22m

[1m[31mERROR[39m[22m in [1m./src/MainApp.js[39m[22m [1m[32m16:54-86[39m[22m
[1mModule [1m[31mnot found[39m[22m[1m: [1m[31mError[39m[22m[1m: Can't resolve './components/LikesPage' in 'C:\Users\mikus\date-scape\src'[39m[22m

[1m[31mERROR[39m[22m in [1m./src/components/NotificationPopup.js[39m[22m
Module build failed (from ./node_modules/babel-loader/lib/index.js):
SyntaxError: C:\Users\mikus\date-scape\src\components\NotificationPopup.js: Unexpected token (96:10)

[0m [90m 94 |[39m   )[33m;[39m
 [90m 95 |[39m }
[31m[1m>[22m[39m[90m 96 |[39m           ) [33m:[39m (
 [90m    |[39m           [31m[1m^[22m[39m
 [90m 97 |[39m             pageItems[33m.[39mmap((n) [33m=>[39m (
 [90m 98 |[39m               [33m<[39m[33mdiv[39m
 [90m 99 |[39m                 key[33m=[39m{n[33m.[39mid}[0m
    at constructor (C:\Users\mikus\date-scape\node_modules\@babel\parser\lib\index.js:367:19)
    at FlowParserMixin.raise (C:\Users\mikus\date-scape\node_modules\@babel\parser\lib\index.js:6627:19)
    at FlowParserMixin.unexpected (C:\Users\mikus\date-scape\node_modules\@babel\parser\lib\index.js:6647:16)
    at FlowParserMixin.parseExprAtom (C:\Users\mikus\date-scape\node_modules\@babel\parser\lib\index.js:11442:16)
    at FlowParserMixin.parseExprAtom (C:\Users\mikus\date-scape\node_modules\@babel\parser\lib\index.js:4794:20)
    at FlowParserMixin.parseExprSubscripts (C:\Users\mikus\date-scape\node_modules\@babel\parser\lib\index.js:11076:23)
    at FlowParserMixin.parseUpdate (C:\Users\mikus\date-scape\node_modules\@babel\parser\lib\index.js:11061:21)
    at FlowParserMixin.parseMaybeUnary (C:\Users\mikus\date-scape\node_modules\@babel\parser\lib\index.js:11041:23)
    at FlowParserMixin.parseMaybeUnaryOrPrivate (C:\Users\mikus\date-scape\node_modules\@babel\parser\lib\index.js:10894:61)
    at FlowParserMixin.parseExprOps (C:\Users\mikus\date-scape\node_modules\@babel\parser\lib\index.js:10899:23)
    at FlowParserMixin.parseMaybeConditional (C:\Users\mikus\date-scape\node_modules\@babel\parser\lib\index.js:10876:23)
    at FlowParserMixin.parseMaybeAssign (C:\Users\mikus\date-scape\node_modules\@babel\parser\lib\index.js:10826:21)
    at FlowParserMixin.parseMaybeAssign (C:\Users\mikus\date-scape\node_modules\@babel\parser\lib\index.js:3579:18)
    at FlowParserMixin.parseExpressionBase (C:\Users\mikus\date-scape\node_modules\@babel\parser\lib\index.js:10779:23)
    at C:\Users\mikus\date-scape\node_modules\@babel\parser\lib\index.js:10775:39
    at FlowParserMixin.allowInAnd (C:\Users\mikus\date-scape\node_modules\@babel\parser\lib\index.js:12422:16)
    at FlowParserMixin.parseExpression (C:\Users\mikus\date-scape\node_modules\@babel\parser\lib\index.js:10775:17)
    at FlowParserMixin.parseStatementContent (C:\Users\mikus\date-scape\node_modules\@babel\parser\lib\index.js:12895:23)
    at FlowParserMixin.parseStatementLike (C:\Users\mikus\date-scape\node_modules\@babel\parser\lib\index.js:12767:17)
    at FlowParserMixin.parseStatementLike (C:\Users\mikus\date-scape\node_modules\@babel\parser\lib\index.js:2946:24)
    at FlowParserMixin.parseModuleItem (C:\Users\mikus\date-scape\node_modules\@babel\parser\lib\index.js:12744:17)
    at FlowParserMixin.parseBlockOrModuleBlockBody (C:\Users\mikus\date-scape\node_modules\@babel\parser\lib\index.js:13316:36)
    at FlowParserMixin.parseBlockBody (C:\Users\mikus\date-scape\node_modules\@babel\parser\lib\index.js:13309:10)
    at FlowParserMixin.parseProgram (C:\Users\mikus\date-scape\node_modules\@babel\parser\lib\index.js:12625:10)
    at FlowParserMixin.parseTopLevel (C:\Users\mikus\date-scape\node_modules\@babel\parser\lib\index.js:12615:25)
    at FlowParserMixin.parseTopLevel (C:\Users\mikus\date-scape\node_modules\@babel\parser\lib\index.js:3715:28)
    at FlowParserMixin.parse (C:\Users\mikus\date-scape\node_modules\@babel\parser\lib\index.js:14492:10)
    at parse (C:\Users\mikus\date-scape\node_modules\@babel\parser\lib\index.js:14526:38)
    at parser (C:\Users\mikus\date-scape\node_modules\@babel\core\lib\parser\index.js:41:34)
    at parser.next (<anonymous>)
    at normalizeFile (C:\Users\mikus\date-scape\node_modules\@babel\core\lib\transformation\normalize-file.js:64:37)
    at normalizeFile.next (<anonymous>)
    at run (C:\Users\mikus\date-scape\node_modules\@babel\core\lib\transformation\index.js:22:50)
    at run.next (<anonymous>)
    at transform (C:\Users\mikus\date-scape\node_modules\@babel\core\lib\transform.js:22:33)
    at transform.next (<anonymous>)
    at step (C:\Users\mikus\date-scape\node_modules\gensync\index.js:261:32)
    at C:\Users\mikus\date-scape\node_modules\gensync\index.js:273:13
    at async.call.result.err.err (C:\Users\mikus\date-scape\node_modules\gensync\index.js:223:11)

[1m[31mERROR[39m[22m in [1m[eslint] 
src\components\NotificationPopup.js
  Line 96:10:  Parsing [1m[31merror[39m[22m[1m: [1m[31mUnexpected[39m[22m[1m token (96:10)

[39m[22m

webpack compiled with [1m[31m3 errors[39m[22m and [1m[33m1 warning[39m[22m
Compiling...
Failed to compile.

[eslint] 
src\components\NotificationPopup.js
Syntax error: Unexpected token (96:10) (96:10)
[1m[33mWARNING[39m[22m in [1m[eslint] 
src\components\MultiStepSignup.js
  Line 3:10:  'collection' is defined but never used  no-unused-vars
  Line 4:10:  'getAuth' is defined but never used     no-unused-vars

src\components\SignupStep1.js
  Line 2:10:  'getAuth' is defined but never used                         no-unused-vars
  Line 2:19:  'createUserWithEmailAndPassword' is defined but never used  no-unused-vars

src\firebase\matchStorage.js
  Line 52:11:  'scoreA' is assigned a value but never used     no-unused-vars
  Line 52:19:  'maxScoreA' is assigned a value but never used  no-unused-vars
  Line 52:30:  'scoreB' is assigned a value but never used     no-unused-vars
  Line 52:38:  'maxScoreB' is assigned a value but never used  no-unused-vars

[39m[22m

[1m[31mERROR[39m[22m in [1m./src/MainApp.js[39m[22m [1m[32m16:54-86[39m[22m
[1mModule [1m[31mnot found[39m[22m[1m: [1m[31mError[39m[22m[1m: Can't resolve './components/LikesPage' in 'C:\Users\mikus\date-scape\src'[39m[22m

[1m[31mERROR[39m[22m in [1m./src/components/NotificationPopup.js[39m[22m
Module build failed (from ./node_modules/babel-loader/lib/index.js):
SyntaxError: C:\Users\mikus\date-scape\src\components\NotificationPopup.js: Unexpected token (96:10)

[0m [90m 94 |[39m   )[33m;[39m
 [90m 95 |[39m }
[31m[1m>[22m[39m[90m 96 |[39m           ) [33m:[39m (
 [90m    |[39m           [31m[1m^[22m[39m
 [90m 97 |[39m             pageItems[33m.[39mmap((n) [33m=>[39m (
 [90m 98 |[39m               [33m<[39m[33mdiv[39m
 [90m 99 |[39m                 key[33m=[39m{n[33m.[39mid}[0m
    at constructor (C:\Users\mikus\date-scape\node_modules\@babel\parser\lib\index.js:367:19)
    at FlowParserMixin.raise (C:\Users\mikus\date-scape\node_modules\@babel\parser\lib\index.js:6627:19)
    at FlowParserMixin.unexpected (C:\Users\mikus\date-scape\node_modules\@babel\parser\lib\index.js:6647:16)
    at FlowParserMixin.parseExprAtom (C:\Users\mikus\date-scape\node_modules\@babel\parser\lib\index.js:11442:16)
    at FlowParserMixin.parseExprAtom (C:\Users\mikus\date-scape\node_modules\@babel\parser\lib\index.js:4794:20)
    at FlowParserMixin.parseExprSubscripts (C:\Users\mikus\date-scape\node_modules\@babel\parser\lib\index.js:11076:23)
    at FlowParserMixin.parseUpdate (C:\Users\mikus\date-scape\node_modules\@babel\parser\lib\index.js:11061:21)
    at FlowParserMixin.parseMaybeUnary (C:\Users\mikus\date-scape\node_modules\@babel\parser\lib\index.js:11041:23)
    at FlowParserMixin.parseMaybeUnaryOrPrivate (C:\Users\mikus\date-scape\node_modules\@babel\parser\lib\index.js:10894:61)
    at FlowParserMixin.parseExprOps (C:\Users\mikus\date-scape\node_modules\@babel\parser\lib\index.js:10899:23)
    at FlowParserMixin.parseMaybeConditional (C:\Users\mikus\date-scape\node_modules\@babel\parser\lib\index.js:10876:23)
    at FlowParserMixin.parseMaybeAssign (C:\Users\mikus\date-scape\node_modules\@babel\parser\lib\index.js:10826:21)
    at FlowParserMixin.parseMaybeAssign (C:\Users\mikus\date-scape\node_modules\@babel\parser\lib\index.js:3579:18)
    at FlowParserMixin.parseExpressionBase (C:\Users\mikus\date-scape\node_modules\@babel\parser\lib\index.js:10779:23)
    at C:\Users\mikus\date-scape\node_modules\@babel\parser\lib\index.js:10775:39
    at FlowParserMixin.allowInAnd (C:\Users\mikus\date-scape\node_modules\@babel\parser\lib\index.js:12422:16)
    at FlowParserMixin.parseExpression (C:\Users\mikus\date-scape\node_modules\@babel\parser\lib\index.js:10775:17)
    at FlowParserMixin.parseStatementContent (C:\Users\mikus\date-scape\node_modules\@babel\parser\lib\index.js:12895:23)
    at FlowParserMixin.parseStatementLike (C:\Users\mikus\date-scape\node_modules\@babel\parser\lib\index.js:12767:17)
    at FlowParserMixin.parseStatementLike (C:\Users\mikus\date-scape\node_modules\@babel\parser\lib\index.js:2946:24)
    at FlowParserMixin.parseModuleItem (C:\Users\mikus\date-scape\node_modules\@babel\parser\lib\index.js:12744:17)
    at FlowParserMixin.parseBlockOrModuleBlockBody (C:\Users\mikus\date-scape\node_modules\@babel\parser\lib\index.js:13316:36)
    at FlowParserMixin.parseBlockBody (C:\Users\mikus\date-scape\node_modules\@babel\parser\lib\index.js:13309:10)
    at FlowParserMixin.parseProgram (C:\Users\mikus\date-scape\node_modules\@babel\parser\lib\index.js:12625:10)
    at FlowParserMixin.parseTopLevel (C:\Users\mikus\date-scape\node_modules\@babel\parser\lib\index.js:12615:25)
    at FlowParserMixin.parseTopLevel (C:\Users\mikus\date-scape\node_modules\@babel\parser\lib\index.js:3715:28)
    at FlowParserMixin.parse (C:\Users\mikus\date-scape\node_modules\@babel\parser\lib\index.js:14492:10)
    at parse (C:\Users\mikus\date-scape\node_modules\@babel\parser\lib\index.js:14526:38)
    at parser (C:\Users\mikus\date-scape\node_modules\@babel\core\lib\parser\index.js:41:34)
    at parser.next (<anonymous>)
    at normalizeFile (C:\Users\mikus\date-scape\node_modules\@babel\core\lib\transformation\normalize-file.js:64:37)
    at normalizeFile.next (<anonymous>)
    at run (C:\Users\mikus\date-scape\node_modules\@babel\core\lib\transformation\index.js:22:50)
    at run.next (<anonymous>)
    at transform (C:\Users\mikus\date-scape\node_modules\@babel\core\lib\transform.js:22:33)
    at transform.next (<anonymous>)
    at step (C:\Users\mikus\date-scape\node_modules\gensync\index.js:261:32)
    at C:\Users\mikus\date-scape\node_modules\gensync\index.js:273:13
    at async.call.result.err.err (C:\Users\mikus\date-scape\node_modules\gensync\index.js:223:11)

[1m[31mERROR[39m[22m in [1m[eslint] 
src\components\NotificationPopup.js
  Line 96:10:  Parsing [1m[31merror[39m[22m[1m: [1m[31mUnexpected[39m[22m[1m token (96:10)

[39m[22m

webpack compiled with [1m[31m3 errors[39m[22m and [1m[33m1 warning[39m[22m
Compiling...
Failed to compile.

[eslint] 
src\components\NotificationPopup.js
Syntax error: Unexpected token (96:10) (96:10)
[1m[33mWARNING[39m[22m in [1m[eslint] 
src\components\MultiStepSignup.js
  Line 3:10:  'collection' is defined but never used  no-unused-vars
  Line 4:10:  'getAuth' is defined but never used     no-unused-vars

src\components\SignupStep1.js
  Line 2:10:  'getAuth' is defined but never used                         no-unused-vars
  Line 2:19:  'createUserWithEmailAndPassword' is defined but never used  no-unused-vars

src\firebase\matchStorage.js
  Line 52:11:  'scoreA' is assigned a value but never used     no-unused-vars
  Line 52:19:  'maxScoreA' is assigned a value but never used  no-unused-vars
  Line 52:30:  'scoreB' is assigned a value but never used     no-unused-vars
  Line 52:38:  'maxScoreB' is assigned a value but never used  no-unused-vars

[39m[22m

[1m[31mERROR[39m[22m in [1m./src/components/NotificationPopup.js[39m[22m
Module build failed (from ./node_modules/babel-loader/lib/index.js):
SyntaxError: C:\Users\mikus\date-scape\src\components\NotificationPopup.js: Unexpected token (96:10)

[0m [90m 94 |[39m   )[33m;[39m
 [90m 95 |[39m }
[31m[1m>[22m[39m[90m 96 |[39m           ) [33m:[39m (
 [90m    |[39m           [31m[1m^[22m[39m
 [90m 97 |[39m             pageItems[33m.[39mmap((n) [33m=>[39m (
 [90m 98 |[39m               [33m<[39m[33mdiv[39m
 [90m 99 |[39m                 key[33m=[39m{n[33m.[39mid}[0m
    at constructor (C:\Users\mikus\date-scape\node_modules\@babel\parser\lib\index.js:367:19)
    at FlowParserMixin.raise (C:\Users\mikus\date-scape\node_modules\@babel\parser\lib\index.js:6627:19)
    at FlowParserMixin.unexpected (C:\Users\mikus\date-scape\node_modules\@babel\parser\lib\index.js:6647:16)
    at FlowParserMixin.parseExprAtom (C:\Users\mikus\date-scape\node_modules\@babel\parser\lib\index.js:11442:16)
    at FlowParserMixin.parseExprAtom (C:\Users\mikus\date-scape\node_modules\@babel\parser\lib\index.js:4794:20)
    at FlowParserMixin.parseExprSubscripts (C:\Users\mikus\date-scape\node_modules\@babel\parser\lib\index.js:11076:23)
    at FlowParserMixin.parseUpdate (C:\Users\mikus\date-scape\node_modules\@babel\parser\lib\index.js:11061:21)
    at FlowParserMixin.parseMaybeUnary (C:\Users\mikus\date-scape\node_modules\@babel\parser\lib\index.js:11041:23)
    at FlowParserMixin.parseMaybeUnaryOrPrivate (C:\Users\mikus\date-scape\node_modules\@babel\parser\lib\index.js:10894:61)
    at FlowParserMixin.parseExprOps (C:\Users\mikus\date-scape\node_modules\@babel\parser\lib\index.js:10899:23)
    at FlowParserMixin.parseMaybeConditional (C:\Users\mikus\date-scape\node_modules\@babel\parser\lib\index.js:10876:23)
    at FlowParserMixin.parseMaybeAssign (C:\Users\mikus\date-scape\node_modules\@babel\parser\lib\index.js:10826:21)
    at FlowParserMixin.parseMaybeAssign (C:\Users\mikus\date-scape\node_modules\@babel\parser\lib\index.js:3579:18)
    at FlowParserMixin.parseExpressionBase (C:\Users\mikus\date-scape\node_modules\@babel\parser\lib\index.js:10779:23)
    at C:\Users\mikus\date-scape\node_modules\@babel\parser\lib\index.js:10775:39
    at FlowParserMixin.allowInAnd (C:\Users\mikus\date-scape\node_modules\@babel\parser\lib\index.js:12422:16)
    at FlowParserMixin.parseExpression (C:\Users\mikus\date-scape\node_modules\@babel\parser\lib\index.js:10775:17)
    at FlowParserMixin.parseStatementContent (C:\Users\mikus\date-scape\node_modules\@babel\parser\lib\index.js:12895:23)
    at FlowParserMixin.parseStatementLike (C:\Users\mikus\date-scape\node_modules\@babel\parser\lib\index.js:12767:17)
    at FlowParserMixin.parseStatementLike (C:\Users\mikus\date-scape\node_modules\@babel\parser\lib\index.js:2946:24)
    at FlowParserMixin.parseModuleItem (C:\Users\mikus\date-scape\node_modules\@babel\parser\lib\index.js:12744:17)
    at FlowParserMixin.parseBlockOrModuleBlockBody (C:\Users\mikus\date-scape\node_modules\@babel\parser\lib\index.js:13316:36)
    at FlowParserMixin.parseBlockBody (C:\Users\mikus\date-scape\node_modules\@babel\parser\lib\index.js:13309:10)
    at FlowParserMixin.parseProgram (C:\Users\mikus\date-scape\node_modules\@babel\parser\lib\index.js:12625:10)
    at FlowParserMixin.parseTopLevel (C:\Users\mikus\date-scape\node_modules\@babel\parser\lib\index.js:12615:25)
    at FlowParserMixin.parseTopLevel (C:\Users\mikus\date-scape\node_modules\@babel\parser\lib\index.js:3715:28)
    at FlowParserMixin.parse (C:\Users\mikus\date-scape\node_modules\@babel\parser\lib\index.js:14492:10)
    at parse (C:\Users\mikus\date-scape\node_modules\@babel\parser\lib\index.js:14526:38)
    at parser (C:\Users\mikus\date-scape\node_modules\@babel\core\lib\parser\index.js:41:34)
    at parser.next (<anonymous>)
    at normalizeFile (C:\Users\mikus\date-scape\node_modules\@babel\core\lib\transformation\normalize-file.js:64:37)
    at normalizeFile.next (<anonymous>)
    at run (C:\Users\mikus\date-scape\node_modules\@babel\core\lib\transformation\index.js:22:50)
    at run.next (<anonymous>)
    at transform (C:\Users\mikus\date-scape\node_modules\@babel\core\lib\transform.js:22:33)
    at transform.next (<anonymous>)
    at step (C:\Users\mikus\date-scape\node_modules\gensync\index.js:261:32)
    at C:\Users\mikus\date-scape\node_modules\gensync\index.js:273:13
    at async.call.result.err.err (C:\Users\mikus\date-scape\node_modules\gensync\index.js:223:11)

[1m[31mERROR[39m[22m in [1m[eslint] 
src\components\NotificationPopup.js
  Line 96:10:  Parsing [1m[31merror[39m[22m[1m: [1m[31mUnexpected[39m[22m[1m token (96:10)

[39m[22m

webpack compiled with [1m[31m2 errors[39m[22m and [1m[33m1 warning[39m[22m
Compiling...
Failed to compile.

[eslint] 
src\components\NotificationPopup.js
Syntax error: Unexpected token (96:10) (96:10)
[1m[33mWARNING[39m[22m in [1m[eslint] 
src\components\MultiStepSignup.js
  Line 3:10:  'collection' is defined but never used  no-unused-vars
  Line 4:10:  'getAuth' is defined but never used     no-unused-vars

src\components\SignupStep1.js
  Line 2:10:  'getAuth' is defined but never used                         no-unused-vars
  Line 2:19:  'createUserWithEmailAndPassword' is defined but never used  no-unused-vars

src\firebase\matchStorage.js
  Line 52:11:  'scoreA' is assigned a value but never used     no-unused-vars
  Line 52:19:  'maxScoreA' is assigned a value but never used  no-unused-vars
  Line 52:30:  'scoreB' is assigned a value but never used     no-unused-vars
  Line 52:38:  'maxScoreB' is assigned a value but never used  no-unused-vars

[39m[22m

[1m[31mERROR[39m[22m in [1m./src/MainApp.js[39m[22m [1m[32m24:60-92[39m[22m
[1mModule [1m[31mnot found[39m[22m[1m: [1m[31mError[39m[22m[1m: Can't resolve './pages/AllMatchesPage' in 'C:\Users\mikus\date-scape\src'[39m[22m

[1m[31mERROR[39m[22m in [1m./src/components/NotificationPopup.js[39m[22m
Module build failed (from ./node_modules/babel-loader/lib/index.js):
SyntaxError: C:\Users\mikus\date-scape\src\components\NotificationPopup.js: Unexpected token (96:10)

[0m [90m 94 |[39m   )[33m;[39m
 [90m 95 |[39m }
[31m[1m>[22m[39m[90m 96 |[39m           ) [33m:[39m (
 [90m    |[39m           [31m[1m^[22m[39m
 [90m 97 |[39m             pageItems[33m.[39mmap((n) [33m=>[39m (
 [90m 98 |[39m               [33m<[39m[33mdiv[39m
 [90m 99 |[39m                 key[33m=[39m{n[33m.[39mid}[0m
    at constructor (C:\Users\mikus\date-scape\node_modules\@babel\parser\lib\index.js:367:19)
    at FlowParserMixin.raise (C:\Users\mikus\date-scape\node_modules\@babel\parser\lib\index.js:6627:19)
    at FlowParserMixin.unexpected (C:\Users\mikus\date-scape\node_modules\@babel\parser\lib\index.js:6647:16)
    at FlowParserMixin.parseExprAtom (C:\Users\mikus\date-scape\node_modules\@babel\parser\lib\index.js:11442:16)
    at FlowParserMixin.parseExprAtom (C:\Users\mikus\date-scape\node_modules\@babel\parser\lib\index.js:4794:20)
    at FlowParserMixin.parseExprSubscripts (C:\Users\mikus\date-scape\node_modules\@babel\parser\lib\index.js:11076:23)
    at FlowParserMixin.parseUpdate (C:\Users\mikus\date-scape\node_modules\@babel\parser\lib\index.js:11061:21)
    at FlowParserMixin.parseMaybeUnary (C:\Users\mikus\date-scape\node_modules\@babel\parser\lib\index.js:11041:23)
    at FlowParserMixin.parseMaybeUnaryOrPrivate (C:\Users\mikus\date-scape\node_modules\@babel\parser\lib\index.js:10894:61)
    at FlowParserMixin.parseExprOps (C:\Users\mikus\date-scape\node_modules\@babel\parser\lib\index.js:10899:23)
    at FlowParserMixin.parseMaybeConditional (C:\Users\mikus\date-scape\node_modules\@babel\parser\lib\index.js:10876:23)
    at FlowParserMixin.parseMaybeAssign (C:\Users\mikus\date-scape\node_modules\@babel\parser\lib\index.js:10826:21)
    at FlowParserMixin.parseMaybeAssign (C:\Users\mikus\date-scape\node_modules\@babel\parser\lib\index.js:3579:18)
    at FlowParserMixin.parseExpressionBase (C:\Users\mikus\date-scape\node_modules\@babel\parser\lib\index.js:10779:23)
    at C:\Users\mikus\date-scape\node_modules\@babel\parser\lib\index.js:10775:39
    at FlowParserMixin.allowInAnd (C:\Users\mikus\date-scape\node_modules\@babel\parser\lib\index.js:12422:16)
    at FlowParserMixin.parseExpression (C:\Users\mikus\date-scape\node_modules\@babel\parser\lib\index.js:10775:17)
    at FlowParserMixin.parseStatementContent (C:\Users\mikus\date-scape\node_modules\@babel\parser\lib\index.js:12895:23)
    at FlowParserMixin.parseStatementLike (C:\Users\mikus\date-scape\node_modules\@babel\parser\lib\index.js:12767:17)
    at FlowParserMixin.parseStatementLike (C:\Users\mikus\date-scape\node_modules\@babel\parser\lib\index.js:2946:24)
    at FlowParserMixin.parseModuleItem (C:\Users\mikus\date-scape\node_modules\@babel\parser\lib\index.js:12744:17)
    at FlowParserMixin.parseBlockOrModuleBlockBody (C:\Users\mikus\date-scape\node_modules\@babel\parser\lib\index.js:13316:36)
    at FlowParserMixin.parseBlockBody (C:\Users\mikus\date-scape\node_modules\@babel\parser\lib\index.js:13309:10)
    at FlowParserMixin.parseProgram (C:\Users\mikus\date-scape\node_modules\@babel\parser\lib\index.js:12625:10)
    at FlowParserMixin.parseTopLevel (C:\Users\mikus\date-scape\node_modules\@babel\parser\lib\index.js:12615:25)
    at FlowParserMixin.parseTopLevel (C:\Users\mikus\date-scape\node_modules\@babel\parser\lib\index.js:3715:28)
    at FlowParserMixin.parse (C:\Users\mikus\date-scape\node_modules\@babel\parser\lib\index.js:14492:10)
    at parse (C:\Users\mikus\date-scape\node_modules\@babel\parser\lib\index.js:14526:38)
    at parser (C:\Users\mikus\date-scape\node_modules\@babel\core\lib\parser\index.js:41:34)
    at parser.next (<anonymous>)
    at normalizeFile (C:\Users\mikus\date-scape\node_modules\@babel\core\lib\transformation\normalize-file.js:64:37)
    at normalizeFile.next (<anonymous>)
    at run (C:\Users\mikus\date-scape\node_modules\@babel\core\lib\transformation\index.js:22:50)
    at run.next (<anonymous>)
    at transform (C:\Users\mikus\date-scape\node_modules\@babel\core\lib\transform.js:22:33)
    at transform.next (<anonymous>)
    at step (C:\Users\mikus\date-scape\node_modules\gensync\index.js:261:32)
    at C:\Users\mikus\date-scape\node_modules\gensync\index.js:273:13
    at async.call.result.err.err (C:\Users\mikus\date-scape\node_modules\gensync\index.js:223:11)

[1m[31mERROR[39m[22m in [1m[eslint] 
src\components\NotificationPopup.js
  Line 96:10:  Parsing [1m[31merror[39m[22m[1m: [1m[31mUnexpected[39m[22m[1m token (96:10)

[39m[22m

webpack compiled with [1m[31m3 errors[39m[22m and [1m[33m1 warning[39m[22m
Compiling...
Failed to compile.

[eslint] 
src\components\NotificationPopup.js
Syntax error: Unexpected token (96:10) (96:10)
[1m[33mWARNING[39m[22m in [1m[eslint] 
src\components\MultiStepSignup.js
  Line 3:10:  'collection' is defined but never used  no-unused-vars
  Line 4:10:  'getAuth' is defined but never used     no-unused-vars

src\components\SignupStep1.js
  Line 2:10:  'getAuth' is defined but never used                         no-unused-vars
  Line 2:19:  'createUserWithEmailAndPassword' is defined but never used  no-unused-vars

src\firebase\matchStorage.js
  Line 52:11:  'scoreA' is assigned a value but never used     no-unused-vars
  Line 52:19:  'maxScoreA' is assigned a value but never used  no-unused-vars
  Line 52:30:  'scoreB' is assigned a value but never used     no-unused-vars
  Line 52:38:  'maxScoreB' is assigned a value but never used  no-unused-vars

[39m[22m

[1m[31mERROR[39m[22m in [1m./src/MainApp.js[39m[22m [1m[32m24:60-92[39m[22m
[1mModule [1m[31mnot found[39m[22m[1m: [1m[31mError[39m[22m[1m: Can't resolve './pages/AllMatchesPage' in 'C:\Users\mikus\date-scape\src'[39m[22m

[1m[31mERROR[39m[22m in [1m./src/components/NotificationPopup.js[39m[22m
Module build failed (from ./node_modules/babel-loader/lib/index.js):
SyntaxError: C:\Users\mikus\date-scape\src\components\NotificationPopup.js: Unexpected token (96:10)

[0m [90m 94 |[39m   )[33m;[39m
 [90m 95 |[39m }
[31m[1m>[22m[39m[90m 96 |[39m           ) [33m:[39m (
 [90m    |[39m           [31m[1m^[22m[39m
 [90m 97 |[39m             pageItems[33m.[39mmap((n) [33m=>[39m (
 [90m 98 |[39m               [33m<[39m[33mdiv[39m
 [90m 99 |[39m                 key[33m=[39m{n[33m.[39mid}[0m
    at constructor (C:\Users\mikus\date-scape\node_modules\@babel\parser\lib\index.js:367:19)
    at FlowParserMixin.raise (C:\Users\mikus\date-scape\node_modules\@babel\parser\lib\index.js:6627:19)
    at FlowParserMixin.unexpected (C:\Users\mikus\date-scape\node_modules\@babel\parser\lib\index.js:6647:16)
    at FlowParserMixin.parseExprAtom (C:\Users\mikus\date-scape\node_modules\@babel\parser\lib\index.js:11442:16)
    at FlowParserMixin.parseExprAtom (C:\Users\mikus\date-scape\node_modules\@babel\parser\lib\index.js:4794:20)
    at FlowParserMixin.parseExprSubscripts (C:\Users\mikus\date-scape\node_modules\@babel\parser\lib\index.js:11076:23)
    at FlowParserMixin.parseUpdate (C:\Users\mikus\date-scape\node_modules\@babel\parser\lib\index.js:11061:21)
    at FlowParserMixin.parseMaybeUnary (C:\Users\mikus\date-scape\node_modules\@babel\parser\lib\index.js:11041:23)
    at FlowParserMixin.parseMaybeUnaryOrPrivate (C:\Users\mikus\date-scape\node_modules\@babel\parser\lib\index.js:10894:61)
    at FlowParserMixin.parseExprOps (C:\Users\mikus\date-scape\node_modules\@babel\parser\lib\index.js:10899:23)
    at FlowParserMixin.parseMaybeConditional (C:\Users\mikus\date-scape\node_modules\@babel\parser\lib\index.js:10876:23)
    at FlowParserMixin.parseMaybeAssign (C:\Users\mikus\date-scape\node_modules\@babel\parser\lib\index.js:10826:21)
    at FlowParserMixin.parseMaybeAssign (C:\Users\mikus\date-scape\node_modules\@babel\parser\lib\index.js:3579:18)
    at FlowParserMixin.parseExpressionBase (C:\Users\mikus\date-scape\node_modules\@babel\parser\lib\index.js:10779:23)
    at C:\Users\mikus\date-scape\node_modules\@babel\parser\lib\index.js:10775:39
    at FlowParserMixin.allowInAnd (C:\Users\mikus\date-scape\node_modules\@babel\parser\lib\index.js:12422:16)
    at FlowParserMixin.parseExpression (C:\Users\mikus\date-scape\node_modules\@babel\parser\lib\index.js:10775:17)
    at FlowParserMixin.parseStatementContent (C:\Users\mikus\date-scape\node_modules\@babel\parser\lib\index.js:12895:23)
    at FlowParserMixin.parseStatementLike (C:\Users\mikus\date-scape\node_modules\@babel\parser\lib\index.js:12767:17)
    at FlowParserMixin.parseStatementLike (C:\Users\mikus\date-scape\node_modules\@babel\parser\lib\index.js:2946:24)
    at FlowParserMixin.parseModuleItem (C:\Users\mikus\date-scape\node_modules\@babel\parser\lib\index.js:12744:17)
    at FlowParserMixin.parseBlockOrModuleBlockBody (C:\Users\mikus\date-scape\node_modules\@babel\parser\lib\index.js:13316:36)
    at FlowParserMixin.parseBlockBody (C:\Users\mikus\date-scape\node_modules\@babel\parser\lib\index.js:13309:10)
    at FlowParserMixin.parseProgram (C:\Users\mikus\date-scape\node_modules\@babel\parser\lib\index.js:12625:10)
    at FlowParserMixin.parseTopLevel (C:\Users\mikus\date-scape\node_modules\@babel\parser\lib\index.js:12615:25)
    at FlowParserMixin.parseTopLevel (C:\Users\mikus\date-scape\node_modules\@babel\parser\lib\index.js:3715:28)
    at FlowParserMixin.parse (C:\Users\mikus\date-scape\node_modules\@babel\parser\lib\index.js:14492:10)
    at parse (C:\Users\mikus\date-scape\node_modules\@babel\parser\lib\index.js:14526:38)
    at parser (C:\Users\mikus\date-scape\node_modules\@babel\core\lib\parser\index.js:41:34)
    at parser.next (<anonymous>)
    at normalizeFile (C:\Users\mikus\date-scape\node_modules\@babel\core\lib\transformation\normalize-file.js:64:37)
    at normalizeFile.next (<anonymous>)
    at run (C:\Users\mikus\date-scape\node_modules\@babel\core\lib\transformation\index.js:22:50)
    at run.next (<anonymous>)
    at transform (C:\Users\mikus\date-scape\node_modules\@babel\core\lib\transform.js:22:33)
    at transform.next (<anonymous>)
    at step (C:\Users\mikus\date-scape\node_modules\gensync\index.js:261:32)
    at C:\Users\mikus\date-scape\node_modules\gensync\index.js:273:13
    at async.call.result.err.err (C:\Users\mikus\date-scape\node_modules\gensync\index.js:223:11)

[1m[31mERROR[39m[22m in [1m[eslint] 
src\components\NotificationPopup.js
  Line 96:10:  Parsing [1m[31merror[39m[22m[1m: [1m[31mUnexpected[39m[22m[1m token (96:10)

[39m[22m

webpack compiled with [1m[31m3 errors[39m[22m and [1m[33m1 warning[39m[22m
Compiling...
Failed to compile.

[eslint] 
src\components\NotificationPopup.js
Syntax error: Unexpected token (96:10) (96:10)
[1m[33mWARNING[39m[22m in [1m[eslint] 
src\components\MultiStepSignup.js
  Line 3:10:  'collection' is defined but never used  no-unused-vars
  Line 4:10:  'getAuth' is defined but never used     no-unused-vars

src\components\SignupStep1.js
  Line 2:10:  'getAuth' is defined but never used                         no-unused-vars
  Line 2:19:  'createUserWithEmailAndPassword' is defined but never used  no-unused-vars

src\firebase\matchStorage.js
  Line 52:11:  'scoreA' is assigned a value but never used     no-unused-vars
  Line 52:19:  'maxScoreA' is assigned a value but never used  no-unused-vars
  Line 52:30:  'scoreB' is assigned a value but never used     no-unused-vars
  Line 52:38:  'maxScoreB' is assigned a value but never used  no-unused-vars

[39m[22m

[1m[31mERROR[39m[22m in [1m./src/components/NotificationPopup.js[39m[22m
Module build failed (from ./node_modules/babel-loader/lib/index.js):
SyntaxError: C:\Users\mikus\date-scape\src\components\NotificationPopup.js: Unexpected token (96:10)

[0m [90m 94 |[39m   )[33m;[39m
 [90m 95 |[39m }
[31m[1m>[22m[39m[90m 96 |[39m           ) [33m:[39m (
 [90m    |[39m           [31m[1m^[22m[39m
 [90m 97 |[39m             pageItems[33m.[39mmap((n) [33m=>[39m (
 [90m 98 |[39m               [33m<[39m[33mdiv[39m
 [90m 99 |[39m                 key[33m=[39m{n[33m.[39mid}[0m
    at constructor (C:\Users\mikus\date-scape\node_modules\@babel\parser\lib\index.js:367:19)
    at FlowParserMixin.raise (C:\Users\mikus\date-scape\node_modules\@babel\parser\lib\index.js:6627:19)
    at FlowParserMixin.unexpected (C:\Users\mikus\date-scape\node_modules\@babel\parser\lib\index.js:6647:16)
    at FlowParserMixin.parseExprAtom (C:\Users\mikus\date-scape\node_modules\@babel\parser\lib\index.js:11442:16)
    at FlowParserMixin.parseExprAtom (C:\Users\mikus\date-scape\node_modules\@babel\parser\lib\index.js:4794:20)
    at FlowParserMixin.parseExprSubscripts (C:\Users\mikus\date-scape\node_modules\@babel\parser\lib\index.js:11076:23)
    at FlowParserMixin.parseUpdate (C:\Users\mikus\date-scape\node_modules\@babel\parser\lib\index.js:11061:21)
    at FlowParserMixin.parseMaybeUnary (C:\Users\mikus\date-scape\node_modules\@babel\parser\lib\index.js:11041:23)
    at FlowParserMixin.parseMaybeUnaryOrPrivate (C:\Users\mikus\date-scape\node_modules\@babel\parser\lib\index.js:10894:61)
    at FlowParserMixin.parseExprOps (C:\Users\mikus\date-scape\node_modules\@babel\parser\lib\index.js:10899:23)
    at FlowParserMixin.parseMaybeConditional (C:\Users\mikus\date-scape\node_modules\@babel\parser\lib\index.js:10876:23)
    at FlowParserMixin.parseMaybeAssign (C:\Users\mikus\date-scape\node_modules\@babel\parser\lib\index.js:10826:21)
    at FlowParserMixin.parseMaybeAssign (C:\Users\mikus\date-scape\node_modules\@babel\parser\lib\index.js:3579:18)
    at FlowParserMixin.parseExpressionBase (C:\Users\mikus\date-scape\node_modules\@babel\parser\lib\index.js:10779:23)
    at C:\Users\mikus\date-scape\node_modules\@babel\parser\lib\index.js:10775:39
    at FlowParserMixin.allowInAnd (C:\Users\mikus\date-scape\node_modules\@babel\parser\lib\index.js:12422:16)
    at FlowParserMixin.parseExpression (C:\Users\mikus\date-scape\node_modules\@babel\parser\lib\index.js:10775:17)
    at FlowParserMixin.parseStatementContent (C:\Users\mikus\date-scape\node_modules\@babel\parser\lib\index.js:12895:23)
    at FlowParserMixin.parseStatementLike (C:\Users\mikus\date-scape\node_modules\@babel\parser\lib\index.js:12767:17)
    at FlowParserMixin.parseStatementLike (C:\Users\mikus\date-scape\node_modules\@babel\parser\lib\index.js:2946:24)
    at FlowParserMixin.parseModuleItem (C:\Users\mikus\date-scape\node_modules\@babel\parser\lib\index.js:12744:17)
    at FlowParserMixin.parseBlockOrModuleBlockBody (C:\Users\mikus\date-scape\node_modules\@babel\parser\lib\index.js:13316:36)
    at FlowParserMixin.parseBlockBody (C:\Users\mikus\date-scape\node_modules\@babel\parser\lib\index.js:13309:10)
    at FlowParserMixin.parseProgram (C:\Users\mikus\date-scape\node_modules\@babel\parser\lib\index.js:12625:10)
    at FlowParserMixin.parseTopLevel (C:\Users\mikus\date-scape\node_modules\@babel\parser\lib\index.js:12615:25)
    at FlowParserMixin.parseTopLevel (C:\Users\mikus\date-scape\node_modules\@babel\parser\lib\index.js:3715:28)
    at FlowParserMixin.parse (C:\Users\mikus\date-scape\node_modules\@babel\parser\lib\index.js:14492:10)
    at parse (C:\Users\mikus\date-scape\node_modules\@babel\parser\lib\index.js:14526:38)
    at parser (C:\Users\mikus\date-scape\node_modules\@babel\core\lib\parser\index.js:41:34)
    at parser.next (<anonymous>)
    at normalizeFile (C:\Users\mikus\date-scape\node_modules\@babel\core\lib\transformation\normalize-file.js:64:37)
    at normalizeFile.next (<anonymous>)
    at run (C:\Users\mikus\date-scape\node_modules\@babel\core\lib\transformation\index.js:22:50)
    at run.next (<anonymous>)
    at transform (C:\Users\mikus\date-scape\node_modules\@babel\core\lib\transform.js:22:33)
    at transform.next (<anonymous>)
    at step (C:\Users\mikus\date-scape\node_modules\gensync\index.js:261:32)
    at C:\Users\mikus\date-scape\node_modules\gensync\index.js:273:13
    at async.call.result.err.err (C:\Users\mikus\date-scape\node_modules\gensync\index.js:223:11)

[1m[31mERROR[39m[22m in [1m[eslint] 
src\components\NotificationPopup.js
  Line 96:10:  Parsing [1m[31merror[39m[22m[1m: [1m[31mUnexpected[39m[22m[1m token (96:10)

[39m[22m

webpack compiled with [1m[31m2 errors[39m[22m and [1m[33m1 warning[39m[22m
Compiling...
Failed to compile.

[eslint] 
src\components\NotificationPopup.js
Syntax error: Unexpected token (96:10) (96:10)
[1m[33mWARNING[39m[22m in [1m[eslint] 
src\components\MultiStepSignup.js
  Line 3:10:  'collection' is defined but never used  no-unused-vars
  Line 4:10:  'getAuth' is defined but never used     no-unused-vars

src\components\SignupStep1.js
  Line 2:10:  'getAuth' is defined but never used                         no-unused-vars
  Line 2:19:  'createUserWithEmailAndPassword' is defined but never used  no-unused-vars

src\firebase\matchStorage.js
  Line 52:11:  'scoreA' is assigned a value but never used     no-unused-vars
  Line 52:19:  'maxScoreA' is assigned a value but never used  no-unused-vars
  Line 52:30:  'scoreB' is assigned a value but never used     no-unused-vars
  Line 52:38:  'maxScoreB' is assigned a value but never used  no-unused-vars

[39m[22m

[1m[31mERROR[39m[22m in [1m./src/MainApp.js[39m[22m [1m[32m12:55-88[39m[22m
[1mModule [1m[31mnot found[39m[22m[1m: [1m[31mError[39m[22m[1m: Can't resolve './components/MatchQueue' in 'C:\Users\mikus\date-scape\src'[39m[22m

[1m[31mERROR[39m[22m in [1m./src/components/NotificationPopup.js[39m[22m
Module build failed (from ./node_modules/babel-loader/lib/index.js):
SyntaxError: C:\Users\mikus\date-scape\src\components\NotificationPopup.js: Unexpected token (96:10)

[0m [90m 94 |[39m   )[33m;[39m
 [90m 95 |[39m }
[31m[1m>[22m[39m[90m 96 |[39m           ) [33m:[39m (
 [90m    |[39m           [31m[1m^[22m[39m
 [90m 97 |[39m             pageItems[33m.[39mmap((n) [33m=>[39m (
 [90m 98 |[39m               [33m<[39m[33mdiv[39m
 [90m 99 |[39m                 key[33m=[39m{n[33m.[39mid}[0m
    at constructor (C:\Users\mikus\date-scape\node_modules\@babel\parser\lib\index.js:367:19)
    at FlowParserMixin.raise (C:\Users\mikus\date-scape\node_modules\@babel\parser\lib\index.js:6627:19)
    at FlowParserMixin.unexpected (C:\Users\mikus\date-scape\node_modules\@babel\parser\lib\index.js:6647:16)
    at FlowParserMixin.parseExprAtom (C:\Users\mikus\date-scape\node_modules\@babel\parser\lib\index.js:11442:16)
    at FlowParserMixin.parseExprAtom (C:\Users\mikus\date-scape\node_modules\@babel\parser\lib\index.js:4794:20)
    at FlowParserMixin.parseExprSubscripts (C:\Users\mikus\date-scape\node_modules\@babel\parser\lib\index.js:11076:23)
    at FlowParserMixin.parseUpdate (C:\Users\mikus\date-scape\node_modules\@babel\parser\lib\index.js:11061:21)
    at FlowParserMixin.parseMaybeUnary (C:\Users\mikus\date-scape\node_modules\@babel\parser\lib\index.js:11041:23)
    at FlowParserMixin.parseMaybeUnaryOrPrivate (C:\Users\mikus\date-scape\node_modules\@babel\parser\lib\index.js:10894:61)
    at FlowParserMixin.parseExprOps (C:\Users\mikus\date-scape\node_modules\@babel\parser\lib\index.js:10899:23)
    at FlowParserMixin.parseMaybeConditional (C:\Users\mikus\date-scape\node_modules\@babel\parser\lib\index.js:10876:23)
    at FlowParserMixin.parseMaybeAssign (C:\Users\mikus\date-scape\node_modules\@babel\parser\lib\index.js:10826:21)
    at FlowParserMixin.parseMaybeAssign (C:\Users\mikus\date-scape\node_modules\@babel\parser\lib\index.js:3579:18)
    at FlowParserMixin.parseExpressionBase (C:\Users\mikus\date-scape\node_modules\@babel\parser\lib\index.js:10779:23)
    at C:\Users\mikus\date-scape\node_modules\@babel\parser\lib\index.js:10775:39
    at FlowParserMixin.allowInAnd (C:\Users\mikus\date-scape\node_modules\@babel\parser\lib\index.js:12422:16)
    at FlowParserMixin.parseExpression (C:\Users\mikus\date-scape\node_modules\@babel\parser\lib\index.js:10775:17)
    at FlowParserMixin.parseStatementContent (C:\Users\mikus\date-scape\node_modules\@babel\parser\lib\index.js:12895:23)
    at FlowParserMixin.parseStatementLike (C:\Users\mikus\date-scape\node_modules\@babel\parser\lib\index.js:12767:17)
    at FlowParserMixin.parseStatementLike (C:\Users\mikus\date-scape\node_modules\@babel\parser\lib\index.js:2946:24)
    at FlowParserMixin.parseModuleItem (C:\Users\mikus\date-scape\node_modules\@babel\parser\lib\index.js:12744:17)
    at FlowParserMixin.parseBlockOrModuleBlockBody (C:\Users\mikus\date-scape\node_modules\@babel\parser\lib\index.js:13316:36)
    at FlowParserMixin.parseBlockBody (C:\Users\mikus\date-scape\node_modules\@babel\parser\lib\index.js:13309:10)
    at FlowParserMixin.parseProgram (C:\Users\mikus\date-scape\node_modules\@babel\parser\lib\index.js:12625:10)
    at FlowParserMixin.parseTopLevel (C:\Users\mikus\date-scape\node_modules\@babel\parser\lib\index.js:12615:25)
    at FlowParserMixin.parseTopLevel (C:\Users\mikus\date-scape\node_modules\@babel\parser\lib\index.js:3715:28)
    at FlowParserMixin.parse (C:\Users\mikus\date-scape\node_modules\@babel\parser\lib\index.js:14492:10)
    at parse (C:\Users\mikus\date-scape\node_modules\@babel\parser\lib\index.js:14526:38)
    at parser (C:\Users\mikus\date-scape\node_modules\@babel\core\lib\parser\index.js:41:34)
    at parser.next (<anonymous>)
    at normalizeFile (C:\Users\mikus\date-scape\node_modules\@babel\core\lib\transformation\normalize-file.js:64:37)
    at normalizeFile.next (<anonymous>)
    at run (C:\Users\mikus\date-scape\node_modules\@babel\core\lib\transformation\index.js:22:50)
    at run.next (<anonymous>)
    at transform (C:\Users\mikus\date-scape\node_modules\@babel\core\lib\transform.js:22:33)
    at transform.next (<anonymous>)
    at step (C:\Users\mikus\date-scape\node_modules\gensync\index.js:261:32)
    at C:\Users\mikus\date-scape\node_modules\gensync\index.js:273:13
    at async.call.result.err.err (C:\Users\mikus\date-scape\node_modules\gensync\index.js:223:11)

[1m[31mERROR[39m[22m in [1m[eslint] 
src\components\NotificationPopup.js
  Line 96:10:  Parsing [1m[31merror[39m[22m[1m: [1m[31mUnexpected[39m[22m[1m token (96:10)

[39m[22m

webpack compiled with [1m[31m3 errors[39m[22m and [1m[33m1 warning[39m[22m
Compiling...
Failed to compile.

[eslint] 
src\components\NotificationPopup.js
Syntax error: Unexpected token (96:10) (96:10)
[1m[33mWARNING[39m[22m in [1m[eslint] 
src\components\MultiStepSignup.js
  Line 3:10:  'collection' is defined but never used  no-unused-vars
  Line 4:10:  'getAuth' is defined but never used     no-unused-vars

src\components\SignupStep1.js
  Line 2:10:  'getAuth' is defined but never used                         no-unused-vars
  Line 2:19:  'createUserWithEmailAndPassword' is defined but never used  no-unused-vars

src\firebase\matchStorage.js
  Line 52:11:  'scoreA' is assigned a value but never used     no-unused-vars
  Line 52:19:  'maxScoreA' is assigned a value but never used  no-unused-vars
  Line 52:30:  'scoreB' is assigned a value but never used     no-unused-vars
  Line 52:38:  'maxScoreB' is assigned a value but never used  no-unused-vars

[39m[22m

[1m[31mERROR[39m[22m in [1m./src/MainApp.js[39m[22m [1m[32m12:55-88[39m[22m
[1mModule [1m[31mnot found[39m[22m[1m: [1m[31mError[39m[22m[1m: Can't resolve './components/MatchQueue' in 'C:\Users\mikus\date-scape\src'[39m[22m

[1m[31mERROR[39m[22m in [1m./src/components/NotificationPopup.js[39m[22m
Module build failed (from ./node_modules/babel-loader/lib/index.js):
SyntaxError: C:\Users\mikus\date-scape\src\components\NotificationPopup.js: Unexpected token (96:10)

[0m [90m 94 |[39m   )[33m;[39m
 [90m 95 |[39m }
[31m[1m>[22m[39m[90m 96 |[39m           ) [33m:[39m (
 [90m    |[39m           [31m[1m^[22m[39m
 [90m 97 |[39m             pageItems[33m.[39mmap((n) [33m=>[39m (
 [90m 98 |[39m               [33m<[39m[33mdiv[39m
 [90m 99 |[39m                 key[33m=[39m{n[33m.[39mid}[0m
    at constructor (C:\Users\mikus\date-scape\node_modules\@babel\parser\lib\index.js:367:19)
    at FlowParserMixin.raise (C:\Users\mikus\date-scape\node_modules\@babel\parser\lib\index.js:6627:19)
    at FlowParserMixin.unexpected (C:\Users\mikus\date-scape\node_modules\@babel\parser\lib\index.js:6647:16)
    at FlowParserMixin.parseExprAtom (C:\Users\mikus\date-scape\node_modules\@babel\parser\lib\index.js:11442:16)
    at FlowParserMixin.parseExprAtom (C:\Users\mikus\date-scape\node_modules\@babel\parser\lib\index.js:4794:20)
    at FlowParserMixin.parseExprSubscripts (C:\Users\mikus\date-scape\node_modules\@babel\parser\lib\index.js:11076:23)
    at FlowParserMixin.parseUpdate (C:\Users\mikus\date-scape\node_modules\@babel\parser\lib\index.js:11061:21)
    at FlowParserMixin.parseMaybeUnary (C:\Users\mikus\date-scape\node_modules\@babel\parser\lib\index.js:11041:23)
    at FlowParserMixin.parseMaybeUnaryOrPrivate (C:\Users\mikus\date-scape\node_modules\@babel\parser\lib\index.js:10894:61)
    at FlowParserMixin.parseExprOps (C:\Users\mikus\date-scape\node_modules\@babel\parser\lib\index.js:10899:23)
    at FlowParserMixin.parseMaybeConditional (C:\Users\mikus\date-scape\node_modules\@babel\parser\lib\index.js:10876:23)
    at FlowParserMixin.parseMaybeAssign (C:\Users\mikus\date-scape\node_modules\@babel\parser\lib\index.js:10826:21)
    at FlowParserMixin.parseMaybeAssign (C:\Users\mikus\date-scape\node_modules\@babel\parser\lib\index.js:3579:18)
    at FlowParserMixin.parseExpressionBase (C:\Users\mikus\date-scape\node_modules\@babel\parser\lib\index.js:10779:23)
    at C:\Users\mikus\date-scape\node_modules\@babel\parser\lib\index.js:10775:39
    at FlowParserMixin.allowInAnd (C:\Users\mikus\date-scape\node_modules\@babel\parser\lib\index.js:12422:16)
    at FlowParserMixin.parseExpression (C:\Users\mikus\date-scape\node_modules\@babel\parser\lib\index.js:10775:17)
    at FlowParserMixin.parseStatementContent (C:\Users\mikus\date-scape\node_modules\@babel\parser\lib\index.js:12895:23)
    at FlowParserMixin.parseStatementLike (C:\Users\mikus\date-scape\node_modules\@babel\parser\lib\index.js:12767:17)
    at FlowParserMixin.parseStatementLike (C:\Users\mikus\date-scape\node_modules\@babel\parser\lib\index.js:2946:24)
    at FlowParserMixin.parseModuleItem (C:\Users\mikus\date-scape\node_modules\@babel\parser\lib\index.js:12744:17)
    at FlowParserMixin.parseBlockOrModuleBlockBody (C:\Users\mikus\date-scape\node_modules\@babel\parser\lib\index.js:13316:36)
    at FlowParserMixin.parseBlockBody (C:\Users\mikus\date-scape\node_modules\@babel\parser\lib\index.js:13309:10)
    at FlowParserMixin.parseProgram (C:\Users\mikus\date-scape\node_modules\@babel\parser\lib\index.js:12625:10)
    at FlowParserMixin.parseTopLevel (C:\Users\mikus\date-scape\node_modules\@babel\parser\lib\index.js:12615:25)
    at FlowParserMixin.parseTopLevel (C:\Users\mikus\date-scape\node_modules\@babel\parser\lib\index.js:3715:28)
    at FlowParserMixin.parse (C:\Users\mikus\date-scape\node_modules\@babel\parser\lib\index.js:14492:10)
    at parse (C:\Users\mikus\date-scape\node_modules\@babel\parser\lib\index.js:14526:38)
    at parser (C:\Users\mikus\date-scape\node_modules\@babel\core\lib\parser\index.js:41:34)
    at parser.next (<anonymous>)
    at normalizeFile (C:\Users\mikus\date-scape\node_modules\@babel\core\lib\transformation\normalize-file.js:64:37)
    at normalizeFile.next (<anonymous>)
    at run (C:\Users\mikus\date-scape\node_modules\@babel\core\lib\transformation\index.js:22:50)
    at run.next (<anonymous>)
    at transform (C:\Users\mikus\date-scape\node_modules\@babel\core\lib\transform.js:22:33)
    at transform.next (<anonymous>)
    at step (C:\Users\mikus\date-scape\node_modules\gensync\index.js:261:32)
    at C:\Users\mikus\date-scape\node_modules\gensync\index.js:273:13
    at async.call.result.err.err (C:\Users\mikus\date-scape\node_modules\gensync\index.js:223:11)

[1m[31mERROR[39m[22m in [1m[eslint] 
src\components\NotificationPopup.js
  Line 96:10:  Parsing [1m[31merror[39m[22m[1m: [1m[31mUnexpected[39m[22m[1m token (96:10)

[39m[22m

webpack compiled with [1m[31m3 errors[39m[22m and [1m[33m1 warning[39m[22m
Compiling...
Failed to compile.

[eslint] 
src\components\NotificationPopup.js
Syntax error: Unexpected token (96:10) (96:10)
[1m[33mWARNING[39m[22m in [1m[eslint] 
src\components\MultiStepSignup.js
  Line 3:10:  'collection' is defined but never used  no-unused-vars
  Line 4:10:  'getAuth' is defined but never used     no-unused-vars

src\components\SignupStep1.js
  Line 2:10:  'getAuth' is defined but never used                         no-unused-vars
  Line 2:19:  'createUserWithEmailAndPassword' is defined but never used  no-unused-vars

src\firebase\matchStorage.js
  Line 52:11:  'scoreA' is assigned a value but never used     no-unused-vars
  Line 52:19:  'maxScoreA' is assigned a value but never used  no-unused-vars
  Line 52:30:  'scoreB' is assigned a value but never used     no-unused-vars
  Line 52:38:  'maxScoreB' is assigned a value but never used  no-unused-vars

[39m[22m

[1m[31mERROR[39m[22m in [1m./src/components/NotificationPopup.js[39m[22m
Module build failed (from ./node_modules/babel-loader/lib/index.js):
SyntaxError: C:\Users\mikus\date-scape\src\components\NotificationPopup.js: Unexpected token (96:10)

[0m [90m 94 |[39m   )[33m;[39m
 [90m 95 |[39m }
[31m[1m>[22m[39m[90m 96 |[39m           ) [33m:[39m (
 [90m    |[39m           [31m[1m^[22m[39m
 [90m 97 |[39m             pageItems[33m.[39mmap((n) [33m=>[39m (
 [90m 98 |[39m               [33m<[39m[33mdiv[39m
 [90m 99 |[39m                 key[33m=[39m{n[33m.[39mid}[0m
    at constructor (C:\Users\mikus\date-scape\node_modules\@babel\parser\lib\index.js:367:19)
    at FlowParserMixin.raise (C:\Users\mikus\date-scape\node_modules\@babel\parser\lib\index.js:6627:19)
    at FlowParserMixin.unexpected (C:\Users\mikus\date-scape\node_modules\@babel\parser\lib\index.js:6647:16)
    at FlowParserMixin.parseExprAtom (C:\Users\mikus\date-scape\node_modules\@babel\parser\lib\index.js:11442:16)
    at FlowParserMixin.parseExprAtom (C:\Users\mikus\date-scape\node_modules\@babel\parser\lib\index.js:4794:20)
    at FlowParserMixin.parseExprSubscripts (C:\Users\mikus\date-scape\node_modules\@babel\parser\lib\index.js:11076:23)
    at FlowParserMixin.parseUpdate (C:\Users\mikus\date-scape\node_modules\@babel\parser\lib\index.js:11061:21)
    at FlowParserMixin.parseMaybeUnary (C:\Users\mikus\date-scape\node_modules\@babel\parser\lib\index.js:11041:23)
    at FlowParserMixin.parseMaybeUnaryOrPrivate (C:\Users\mikus\date-scape\node_modules\@babel\parser\lib\index.js:10894:61)
    at FlowParserMixin.parseExprOps (C:\Users\mikus\date-scape\node_modules\@babel\parser\lib\index.js:10899:23)
    at FlowParserMixin.parseMaybeConditional (C:\Users\mikus\date-scape\node_modules\@babel\parser\lib\index.js:10876:23)
    at FlowParserMixin.parseMaybeAssign (C:\Users\mikus\date-scape\node_modules\@babel\parser\lib\index.js:10826:21)
    at FlowParserMixin.parseMaybeAssign (C:\Users\mikus\date-scape\node_modules\@babel\parser\lib\index.js:3579:18)
    at FlowParserMixin.parseExpressionBase (C:\Users\mikus\date-scape\node_modules\@babel\parser\lib\index.js:10779:23)
    at C:\Users\mikus\date-scape\node_modules\@babel\parser\lib\index.js:10775:39
    at FlowParserMixin.allowInAnd (C:\Users\mikus\date-scape\node_modules\@babel\parser\lib\index.js:12422:16)
    at FlowParserMixin.parseExpression (C:\Users\mikus\date-scape\node_modules\@babel\parser\lib\index.js:10775:17)
    at FlowParserMixin.parseStatementContent (C:\Users\mikus\date-scape\node_modules\@babel\parser\lib\index.js:12895:23)
    at FlowParserMixin.parseStatementLike (C:\Users\mikus\date-scape\node_modules\@babel\parser\lib\index.js:12767:17)
    at FlowParserMixin.parseStatementLike (C:\Users\mikus\date-scape\node_modules\@babel\parser\lib\index.js:2946:24)
    at FlowParserMixin.parseModuleItem (C:\Users\mikus\date-scape\node_modules\@babel\parser\lib\index.js:12744:17)
    at FlowParserMixin.parseBlockOrModuleBlockBody (C:\Users\mikus\date-scape\node_modules\@babel\parser\lib\index.js:13316:36)
    at FlowParserMixin.parseBlockBody (C:\Users\mikus\date-scape\node_modules\@babel\parser\lib\index.js:13309:10)
    at FlowParserMixin.parseProgram (C:\Users\mikus\date-scape\node_modules\@babel\parser\lib\index.js:12625:10)
    at FlowParserMixin.parseTopLevel (C:\Users\mikus\date-scape\node_modules\@babel\parser\lib\index.js:12615:25)
    at FlowParserMixin.parseTopLevel (C:\Users\mikus\date-scape\node_modules\@babel\parser\lib\index.js:3715:28)
    at FlowParserMixin.parse (C:\Users\mikus\date-scape\node_modules\@babel\parser\lib\index.js:14492:10)
    at parse (C:\Users\mikus\date-scape\node_modules\@babel\parser\lib\index.js:14526:38)
    at parser (C:\Users\mikus\date-scape\node_modules\@babel\core\lib\parser\index.js:41:34)
    at parser.next (<anonymous>)
    at normalizeFile (C:\Users\mikus\date-scape\node_modules\@babel\core\lib\transformation\normalize-file.js:64:37)
    at normalizeFile.next (<anonymous>)
    at run (C:\Users\mikus\date-scape\node_modules\@babel\core\lib\transformation\index.js:22:50)
    at run.next (<anonymous>)
    at transform (C:\Users\mikus\date-scape\node_modules\@babel\core\lib\transform.js:22:33)
    at transform.next (<anonymous>)
    at step (C:\Users\mikus\date-scape\node_modules\gensync\index.js:261:32)
    at C:\Users\mikus\date-scape\node_modules\gensync\index.js:273:13
    at async.call.result.err.err (C:\Users\mikus\date-scape\node_modules\gensync\index.js:223:11)

[1m[31mERROR[39m[22m in [1m[eslint] 
src\components\NotificationPopup.js
  Line 96:10:  Parsing [1m[31merror[39m[22m[1m: [1m[31mUnexpected[39m[22m[1m token (96:10)

[39m[22m

webpack compiled with [1m[31m2 errors[39m[22m and [1m[33m1 warning[39m[22m
Compiling...
Failed to compile.

[eslint] 
src\components\NotificationPopup.js
Syntax error: Unexpected token (96:10) (96:10)
[1m[33mWARNING[39m[22m in [1m[eslint] 
src\components\MultiStepSignup.js
  Line 3:10:  'collection' is defined but never used  no-unused-vars
  Line 4:10:  'getAuth' is defined but never used     no-unused-vars

src\components\SignupStep1.js
  Line 2:10:  'getAuth' is defined but never used                         no-unused-vars
  Line 2:19:  'createUserWithEmailAndPassword' is defined but never used  no-unused-vars

src\firebase\matchStorage.js
  Line 52:11:  'scoreA' is assigned a value but never used     no-unused-vars
  Line 52:19:  'maxScoreA' is assigned a value but never used  no-unused-vars
  Line 52:30:  'scoreB' is assigned a value but never used     no-unused-vars
  Line 52:38:  'maxScoreB' is assigned a value but never used  no-unused-vars

[39m[22m

[1m[31mERROR[39m[22m in [1m./src/MainApp.js[39m[22m [1m[32m18:56-88[39m[22m
[1mModule [1m[31mnot found[39m[22m[1m: [1m[31mError[39m[22m[1m: Can't resolve './components/MatchList' in 'C:\Users\mikus\date-scape\src'[39m[22m

[1m[31mERROR[39m[22m in [1m./src/components/NotificationPopup.js[39m[22m
Module build failed (from ./node_modules/babel-loader/lib/index.js):
SyntaxError: C:\Users\mikus\date-scape\src\components\NotificationPopup.js: Unexpected token (96:10)

[0m [90m 94 |[39m   )[33m;[39m
 [90m 95 |[39m }
[31m[1m>[22m[39m[90m 96 |[39m           ) [33m:[39m (
 [90m    |[39m           [31m[1m^[22m[39m
 [90m 97 |[39m             pageItems[33m.[39mmap((n) [33m=>[39m (
 [90m 98 |[39m               [33m<[39m[33mdiv[39m
 [90m 99 |[39m                 key[33m=[39m{n[33m.[39mid}[0m
    at constructor (C:\Users\mikus\date-scape\node_modules\@babel\parser\lib\index.js:367:19)
    at FlowParserMixin.raise (C:\Users\mikus\date-scape\node_modules\@babel\parser\lib\index.js:6627:19)
    at FlowParserMixin.unexpected (C:\Users\mikus\date-scape\node_modules\@babel\parser\lib\index.js:6647:16)
    at FlowParserMixin.parseExprAtom (C:\Users\mikus\date-scape\node_modules\@babel\parser\lib\index.js:11442:16)
    at FlowParserMixin.parseExprAtom (C:\Users\mikus\date-scape\node_modules\@babel\parser\lib\index.js:4794:20)
    at FlowParserMixin.parseExprSubscripts (C:\Users\mikus\date-scape\node_modules\@babel\parser\lib\index.js:11076:23)
    at FlowParserMixin.parseUpdate (C:\Users\mikus\date-scape\node_modules\@babel\parser\lib\index.js:11061:21)
    at FlowParserMixin.parseMaybeUnary (C:\Users\mikus\date-scape\node_modules\@babel\parser\lib\index.js:11041:23)
    at FlowParserMixin.parseMaybeUnaryOrPrivate (C:\Users\mikus\date-scape\node_modules\@babel\parser\lib\index.js:10894:61)
    at FlowParserMixin.parseExprOps (C:\Users\mikus\date-scape\node_modules\@babel\parser\lib\index.js:10899:23)
    at FlowParserMixin.parseMaybeConditional (C:\Users\mikus\date-scape\node_modules\@babel\parser\lib\index.js:10876:23)
    at FlowParserMixin.parseMaybeAssign (C:\Users\mikus\date-scape\node_modules\@babel\parser\lib\index.js:10826:21)
    at FlowParserMixin.parseMaybeAssign (C:\Users\mikus\date-scape\node_modules\@babel\parser\lib\index.js:3579:18)
    at FlowParserMixin.parseExpressionBase (C:\Users\mikus\date-scape\node_modules\@babel\parser\lib\index.js:10779:23)
    at C:\Users\mikus\date-scape\node_modules\@babel\parser\lib\index.js:10775:39
    at FlowParserMixin.allowInAnd (C:\Users\mikus\date-scape\node_modules\@babel\parser\lib\index.js:12422:16)
    at FlowParserMixin.parseExpression (C:\Users\mikus\date-scape\node_modules\@babel\parser\lib\index.js:10775:17)
    at FlowParserMixin.parseStatementContent (C:\Users\mikus\date-scape\node_modules\@babel\parser\lib\index.js:12895:23)
    at FlowParserMixin.parseStatementLike (C:\Users\mikus\date-scape\node_modules\@babel\parser\lib\index.js:12767:17)
    at FlowParserMixin.parseStatementLike (C:\Users\mikus\date-scape\node_modules\@babel\parser\lib\index.js:2946:24)
    at FlowParserMixin.parseModuleItem (C:\Users\mikus\date-scape\node_modules\@babel\parser\lib\index.js:12744:17)
    at FlowParserMixin.parseBlockOrModuleBlockBody (C:\Users\mikus\date-scape\node_modules\@babel\parser\lib\index.js:13316:36)
    at FlowParserMixin.parseBlockBody (C:\Users\mikus\date-scape\node_modules\@babel\parser\lib\index.js:13309:10)
    at FlowParserMixin.parseProgram (C:\Users\mikus\date-scape\node_modules\@babel\parser\lib\index.js:12625:10)
    at FlowParserMixin.parseTopLevel (C:\Users\mikus\date-scape\node_modules\@babel\parser\lib\index.js:12615:25)
    at FlowParserMixin.parseTopLevel (C:\Users\mikus\date-scape\node_modules\@babel\parser\lib\index.js:3715:28)
    at FlowParserMixin.parse (C:\Users\mikus\date-scape\node_modules\@babel\parser\lib\index.js:14492:10)
    at parse (C:\Users\mikus\date-scape\node_modules\@babel\parser\lib\index.js:14526:38)
    at parser (C:\Users\mikus\date-scape\node_modules\@babel\core\lib\parser\index.js:41:34)
    at parser.next (<anonymous>)
    at normalizeFile (C:\Users\mikus\date-scape\node_modules\@babel\core\lib\transformation\normalize-file.js:64:37)
    at normalizeFile.next (<anonymous>)
    at run (C:\Users\mikus\date-scape\node_modules\@babel\core\lib\transformation\index.js:22:50)
    at run.next (<anonymous>)
    at transform (C:\Users\mikus\date-scape\node_modules\@babel\core\lib\transform.js:22:33)
    at transform.next (<anonymous>)
    at step (C:\Users\mikus\date-scape\node_modules\gensync\index.js:261:32)
    at C:\Users\mikus\date-scape\node_modules\gensync\index.js:273:13
    at async.call.result.err.err (C:\Users\mikus\date-scape\node_modules\gensync\index.js:223:11)

[1m[31mERROR[39m[22m in [1m[eslint] 
src\components\NotificationPopup.js
  Line 96:10:  Parsing [1m[31merror[39m[22m[1m: [1m[31mUnexpected[39m[22m[1m token (96:10)

[39m[22m

webpack compiled with [1m[31m3 errors[39m[22m and [1m[33m1 warning[39m[22m
Compiling...
Failed to compile.

[eslint] 
src\components\NotificationPopup.js
Syntax error: Unexpected token (96:10) (96:10)
[1m[33mWARNING[39m[22m in [1m[eslint] 
src\components\MultiStepSignup.js
  Line 3:10:  'collection' is defined but never used  no-unused-vars
  Line 4:10:  'getAuth' is defined but never used     no-unused-vars

src\components\SignupStep1.js
  Line 2:10:  'getAuth' is defined but never used                         no-unused-vars
  Line 2:19:  'createUserWithEmailAndPassword' is defined but never used  no-unused-vars

src\firebase\matchStorage.js
  Line 52:11:  'scoreA' is assigned a value but never used     no-unused-vars
  Line 52:19:  'maxScoreA' is assigned a value but never used  no-unused-vars
  Line 52:30:  'scoreB' is assigned a value but never used     no-unused-vars
  Line 52:38:  'maxScoreB' is assigned a value but never used  no-unused-vars

[39m[22m

[1m[31mERROR[39m[22m in [1m./src/MainApp.js[39m[22m [1m[32m18:56-88[39m[22m
[1mModule [1m[31mnot found[39m[22m[1m: [1m[31mError[39m[22m[1m: Can't resolve './components/MatchList' in 'C:\Users\mikus\date-scape\src'[39m[22m

[1m[31mERROR[39m[22m in [1m./src/components/NotificationPopup.js[39m[22m
Module build failed (from ./node_modules/babel-loader/lib/index.js):
SyntaxError: C:\Users\mikus\date-scape\src\components\NotificationPopup.js: Unexpected token (96:10)

[0m [90m 94 |[39m   )[33m;[39m
 [90m 95 |[39m }
[31m[1m>[22m[39m[90m 96 |[39m           ) [33m:[39m (
 [90m    |[39m           [31m[1m^[22m[39m
 [90m 97 |[39m             pageItems[33m.[39mmap((n) [33m=>[39m (
 [90m 98 |[39m               [33m<[39m[33mdiv[39m
 [90m 99 |[39m                 key[33m=[39m{n[33m.[39mid}[0m
    at constructor (C:\Users\mikus\date-scape\node_modules\@babel\parser\lib\index.js:367:19)
    at FlowParserMixin.raise (C:\Users\mikus\date-scape\node_modules\@babel\parser\lib\index.js:6627:19)
    at FlowParserMixin.unexpected (C:\Users\mikus\date-scape\node_modules\@babel\parser\lib\index.js:6647:16)
    at FlowParserMixin.parseExprAtom (C:\Users\mikus\date-scape\node_modules\@babel\parser\lib\index.js:11442:16)
    at FlowParserMixin.parseExprAtom (C:\Users\mikus\date-scape\node_modules\@babel\parser\lib\index.js:4794:20)
    at FlowParserMixin.parseExprSubscripts (C:\Users\mikus\date-scape\node_modules\@babel\parser\lib\index.js:11076:23)
    at FlowParserMixin.parseUpdate (C:\Users\mikus\date-scape\node_modules\@babel\parser\lib\index.js:11061:21)
    at FlowParserMixin.parseMaybeUnary (C:\Users\mikus\date-scape\node_modules\@babel\parser\lib\index.js:11041:23)
    at FlowParserMixin.parseMaybeUnaryOrPrivate (C:\Users\mikus\date-scape\node_modules\@babel\parser\lib\index.js:10894:61)
    at FlowParserMixin.parseExprOps (C:\Users\mikus\date-scape\node_modules\@babel\parser\lib\index.js:10899:23)
    at FlowParserMixin.parseMaybeConditional (C:\Users\mikus\date-scape\node_modules\@babel\parser\lib\index.js:10876:23)
    at FlowParserMixin.parseMaybeAssign (C:\Users\mikus\date-scape\node_modules\@babel\parser\lib\index.js:10826:21)
    at FlowParserMixin.parseMaybeAssign (C:\Users\mikus\date-scape\node_modules\@babel\parser\lib\index.js:3579:18)
    at FlowParserMixin.parseExpressionBase (C:\Users\mikus\date-scape\node_modules\@babel\parser\lib\index.js:10779:23)
    at C:\Users\mikus\date-scape\node_modules\@babel\parser\lib\index.js:10775:39
    at FlowParserMixin.allowInAnd (C:\Users\mikus\date-scape\node_modules\@babel\parser\lib\index.js:12422:16)
    at FlowParserMixin.parseExpression (C:\Users\mikus\date-scape\node_modules\@babel\parser\lib\index.js:10775:17)
    at FlowParserMixin.parseStatementContent (C:\Users\mikus\date-scape\node_modules\@babel\parser\lib\index.js:12895:23)
    at FlowParserMixin.parseStatementLike (C:\Users\mikus\date-scape\node_modules\@babel\parser\lib\index.js:12767:17)
    at FlowParserMixin.parseStatementLike (C:\Users\mikus\date-scape\node_modules\@babel\parser\lib\index.js:2946:24)
    at FlowParserMixin.parseModuleItem (C:\Users\mikus\date-scape\node_modules\@babel\parser\lib\index.js:12744:17)
    at FlowParserMixin.parseBlockOrModuleBlockBody (C:\Users\mikus\date-scape\node_modules\@babel\parser\lib\index.js:13316:36)
    at FlowParserMixin.parseBlockBody (C:\Users\mikus\date-scape\node_modules\@babel\parser\lib\index.js:13309:10)
    at FlowParserMixin.parseProgram (C:\Users\mikus\date-scape\node_modules\@babel\parser\lib\index.js:12625:10)
    at FlowParserMixin.parseTopLevel (C:\Users\mikus\date-scape\node_modules\@babel\parser\lib\index.js:12615:25)
    at FlowParserMixin.parseTopLevel (C:\Users\mikus\date-scape\node_modules\@babel\parser\lib\index.js:3715:28)
    at FlowParserMixin.parse (C:\Users\mikus\date-scape\node_modules\@babel\parser\lib\index.js:14492:10)
    at parse (C:\Users\mikus\date-scape\node_modules\@babel\parser\lib\index.js:14526:38)
    at parser (C:\Users\mikus\date-scape\node_modules\@babel\core\lib\parser\index.js:41:34)
    at parser.next (<anonymous>)
    at normalizeFile (C:\Users\mikus\date-scape\node_modules\@babel\core\lib\transformation\normalize-file.js:64:37)
    at normalizeFile.next (<anonymous>)
    at run (C:\Users\mikus\date-scape\node_modules\@babel\core\lib\transformation\index.js:22:50)
    at run.next (<anonymous>)
    at transform (C:\Users\mikus\date-scape\node_modules\@babel\core\lib\transform.js:22:33)
    at transform.next (<anonymous>)
    at step (C:\Users\mikus\date-scape\node_modules\gensync\index.js:261:32)
    at C:\Users\mikus\date-scape\node_modules\gensync\index.js:273:13
    at async.call.result.err.err (C:\Users\mikus\date-scape\node_modules\gensync\index.js:223:11)

[1m[31mERROR[39m[22m in [1m[eslint] 
src\components\NotificationPopup.js
  Line 96:10:  Parsing [1m[31merror[39m[22m[1m: [1m[31mUnexpected[39m[22m[1m token (96:10)

[39m[22m

webpack compiled with [1m[31m3 errors[39m[22m and [1m[33m1 warning[39m[22m
Compiling...
Failed to compile.

[eslint] 
src\components\NotificationPopup.js
Syntax error: Unexpected token (96:10) (96:10)
[1m[33mWARNING[39m[22m in [1m[eslint] 
src\components\MultiStepSignup.js
  Line 3:10:  'collection' is defined but never used  no-unused-vars
  Line 4:10:  'getAuth' is defined but never used     no-unused-vars

src\components\SignupStep1.js
  Line 2:10:  'getAuth' is defined but never used                         no-unused-vars
  Line 2:19:  'createUserWithEmailAndPassword' is defined but never used  no-unused-vars

src\firebase\matchStorage.js
  Line 52:11:  'scoreA' is assigned a value but never used     no-unused-vars
  Line 52:19:  'maxScoreA' is assigned a value but never used  no-unused-vars
  Line 52:30:  'scoreB' is assigned a value but never used     no-unused-vars
  Line 52:38:  'maxScoreB' is assigned a value but never used  no-unused-vars

[39m[22m

[1m[31mERROR[39m[22m in [1m./src/components/NotificationPopup.js[39m[22m
Module build failed (from ./node_modules/babel-loader/lib/index.js):
SyntaxError: C:\Users\mikus\date-scape\src\components\NotificationPopup.js: Unexpected token (96:10)

[0m [90m 94 |[39m   )[33m;[39m
 [90m 95 |[39m }
[31m[1m>[22m[39m[90m 96 |[39m           ) [33m:[39m (
 [90m    |[39m           [31m[1m^[22m[39m
 [90m 97 |[39m             pageItems[33m.[39mmap((n) [33m=>[39m (
 [90m 98 |[39m               [33m<[39m[33mdiv[39m
 [90m 99 |[39m                 key[33m=[39m{n[33m.[39mid}[0m
    at constructor (C:\Users\mikus\date-scape\node_modules\@babel\parser\lib\index.js:367:19)
    at FlowParserMixin.raise (C:\Users\mikus\date-scape\node_modules\@babel\parser\lib\index.js:6627:19)
    at FlowParserMixin.unexpected (C:\Users\mikus\date-scape\node_modules\@babel\parser\lib\index.js:6647:16)
    at FlowParserMixin.parseExprAtom (C:\Users\mikus\date-scape\node_modules\@babel\parser\lib\index.js:11442:16)
    at FlowParserMixin.parseExprAtom (C:\Users\mikus\date-scape\node_modules\@babel\parser\lib\index.js:4794:20)
    at FlowParserMixin.parseExprSubscripts (C:\Users\mikus\date-scape\node_modules\@babel\parser\lib\index.js:11076:23)
    at FlowParserMixin.parseUpdate (C:\Users\mikus\date-scape\node_modules\@babel\parser\lib\index.js:11061:21)
    at FlowParserMixin.parseMaybeUnary (C:\Users\mikus\date-scape\node_modules\@babel\parser\lib\index.js:11041:23)
    at FlowParserMixin.parseMaybeUnaryOrPrivate (C:\Users\mikus\date-scape\node_modules\@babel\parser\lib\index.js:10894:61)
    at FlowParserMixin.parseExprOps (C:\Users\mikus\date-scape\node_modules\@babel\parser\lib\index.js:10899:23)
    at FlowParserMixin.parseMaybeConditional (C:\Users\mikus\date-scape\node_modules\@babel\parser\lib\index.js:10876:23)
    at FlowParserMixin.parseMaybeAssign (C:\Users\mikus\date-scape\node_modules\@babel\parser\lib\index.js:10826:21)
    at FlowParserMixin.parseMaybeAssign (C:\Users\mikus\date-scape\node_modules\@babel\parser\lib\index.js:3579:18)
    at FlowParserMixin.parseExpressionBase (C:\Users\mikus\date-scape\node_modules\@babel\parser\lib\index.js:10779:23)
    at C:\Users\mikus\date-scape\node_modules\@babel\parser\lib\index.js:10775:39
    at FlowParserMixin.allowInAnd (C:\Users\mikus\date-scape\node_modules\@babel\parser\lib\index.js:12422:16)
    at FlowParserMixin.parseExpression (C:\Users\mikus\date-scape\node_modules\@babel\parser\lib\index.js:10775:17)
    at FlowParserMixin.parseStatementContent (C:\Users\mikus\date-scape\node_modules\@babel\parser\lib\index.js:12895:23)
    at FlowParserMixin.parseStatementLike (C:\Users\mikus\date-scape\node_modules\@babel\parser\lib\index.js:12767:17)
    at FlowParserMixin.parseStatementLike (C:\Users\mikus\date-scape\node_modules\@babel\parser\lib\index.js:2946:24)
    at FlowParserMixin.parseModuleItem (C:\Users\mikus\date-scape\node_modules\@babel\parser\lib\index.js:12744:17)
    at FlowParserMixin.parseBlockOrModuleBlockBody (C:\Users\mikus\date-scape\node_modules\@babel\parser\lib\index.js:13316:36)
    at FlowParserMixin.parseBlockBody (C:\Users\mikus\date-scape\node_modules\@babel\parser\lib\index.js:13309:10)
    at FlowParserMixin.parseProgram (C:\Users\mikus\date-scape\node_modules\@babel\parser\lib\index.js:12625:10)
    at FlowParserMixin.parseTopLevel (C:\Users\mikus\date-scape\node_modules\@babel\parser\lib\index.js:12615:25)
    at FlowParserMixin.parseTopLevel (C:\Users\mikus\date-scape\node_modules\@babel\parser\lib\index.js:3715:28)
    at FlowParserMixin.parse (C:\Users\mikus\date-scape\node_modules\@babel\parser\lib\index.js:14492:10)
    at parse (C:\Users\mikus\date-scape\node_modules\@babel\parser\lib\index.js:14526:38)
    at parser (C:\Users\mikus\date-scape\node_modules\@babel\core\lib\parser\index.js:41:34)
    at parser.next (<anonymous>)
    at normalizeFile (C:\Users\mikus\date-scape\node_modules\@babel\core\lib\transformation\normalize-file.js:64:37)
    at normalizeFile.next (<anonymous>)
    at run (C:\Users\mikus\date-scape\node_modules\@babel\core\lib\transformation\index.js:22:50)
    at run.next (<anonymous>)
    at transform (C:\Users\mikus\date-scape\node_modules\@babel\core\lib\transform.js:22:33)
    at transform.next (<anonymous>)
    at step (C:\Users\mikus\date-scape\node_modules\gensync\index.js:261:32)
    at C:\Users\mikus\date-scape\node_modules\gensync\index.js:273:13
    at async.call.result.err.err (C:\Users\mikus\date-scape\node_modules\gensync\index.js:223:11)

[1m[31mERROR[39m[22m in [1m[eslint] 
src\components\NotificationPopup.js
  Line 96:10:  Parsing [1m[31merror[39m[22m[1m: [1m[31mUnexpected[39m[22m[1m token (96:10)

[39m[22m

webpack compiled with [1m[31m2 errors[39m[22m and [1m[33m1 warning[39m[22m
Compiling...
Failed to compile.

[eslint] 
src\components\NotificationPopup.js
Syntax error: Unexpected token (96:10) (96:10)
[1m[33mWARNING[39m[22m in [1m[eslint] 
src\components\MultiStepSignup.js
  Line 3:10:  'collection' is defined but never used  no-unused-vars
  Line 4:10:  'getAuth' is defined but never used     no-unused-vars

src\components\SignupStep1.js
  Line 2:10:  'getAuth' is defined but never used                         no-unused-vars
  Line 2:19:  'createUserWithEmailAndPassword' is defined but never used  no-unused-vars

src\firebase\matchStorage.js
  Line 52:11:  'scoreA' is assigned a value but never used     no-unused-vars
  Line 52:19:  'maxScoreA' is assigned a value but never used  no-unused-vars
  Line 52:30:  'scoreB' is assigned a value but never used     no-unused-vars
  Line 52:38:  'maxScoreB' is assigned a value but never used  no-unused-vars

[39m[22m

[1m[31mERROR[39m[22m in [1m./src/components/NotificationPopup.js[39m[22m
Module build failed (from ./node_modules/babel-loader/lib/index.js):
SyntaxError: C:\Users\mikus\date-scape\src\components\NotificationPopup.js: Unexpected token (96:10)

[0m [90m 94 |[39m   )[33m;[39m
 [90m 95 |[39m }
[31m[1m>[22m[39m[90m 96 |[39m           ) [33m:[39m (
 [90m    |[39m           [31m[1m^[22m[39m
 [90m 97 |[39m             pageItems[33m.[39mmap((n) [33m=>[39m (
 [90m 98 |[39m               [33m<[39m[33mdiv[39m
 [90m 99 |[39m                 key[33m=[39m{n[33m.[39mid}[0m
    at constructor (C:\Users\mikus\date-scape\node_modules\@babel\parser\lib\index.js:367:19)
    at FlowParserMixin.raise (C:\Users\mikus\date-scape\node_modules\@babel\parser\lib\index.js:6627:19)
    at FlowParserMixin.unexpected (C:\Users\mikus\date-scape\node_modules\@babel\parser\lib\index.js:6647:16)
    at FlowParserMixin.parseExprAtom (C:\Users\mikus\date-scape\node_modules\@babel\parser\lib\index.js:11442:16)
    at FlowParserMixin.parseExprAtom (C:\Users\mikus\date-scape\node_modules\@babel\parser\lib\index.js:4794:20)
    at FlowParserMixin.parseExprSubscripts (C:\Users\mikus\date-scape\node_modules\@babel\parser\lib\index.js:11076:23)
    at FlowParserMixin.parseUpdate (C:\Users\mikus\date-scape\node_modules\@babel\parser\lib\index.js:11061:21)
    at FlowParserMixin.parseMaybeUnary (C:\Users\mikus\date-scape\node_modules\@babel\parser\lib\index.js:11041:23)
    at FlowParserMixin.parseMaybeUnaryOrPrivate (C:\Users\mikus\date-scape\node_modules\@babel\parser\lib\index.js:10894:61)
    at FlowParserMixin.parseExprOps (C:\Users\mikus\date-scape\node_modules\@babel\parser\lib\index.js:10899:23)
    at FlowParserMixin.parseMaybeConditional (C:\Users\mikus\date-scape\node_modules\@babel\parser\lib\index.js:10876:23)
    at FlowParserMixin.parseMaybeAssign (C:\Users\mikus\date-scape\node_modules\@babel\parser\lib\index.js:10826:21)
    at FlowParserMixin.parseMaybeAssign (C:\Users\mikus\date-scape\node_modules\@babel\parser\lib\index.js:3579:18)
    at FlowParserMixin.parseExpressionBase (C:\Users\mikus\date-scape\node_modules\@babel\parser\lib\index.js:10779:23)
    at C:\Users\mikus\date-scape\node_modules\@babel\parser\lib\index.js:10775:39
    at FlowParserMixin.allowInAnd (C:\Users\mikus\date-scape\node_modules\@babel\parser\lib\index.js:12422:16)
    at FlowParserMixin.parseExpression (C:\Users\mikus\date-scape\node_modules\@babel\parser\lib\index.js:10775:17)
    at FlowParserMixin.parseStatementContent (C:\Users\mikus\date-scape\node_modules\@babel\parser\lib\index.js:12895:23)
    at FlowParserMixin.parseStatementLike (C:\Users\mikus\date-scape\node_modules\@babel\parser\lib\index.js:12767:17)
    at FlowParserMixin.parseStatementLike (C:\Users\mikus\date-scape\node_modules\@babel\parser\lib\index.js:2946:24)
    at FlowParserMixin.parseModuleItem (C:\Users\mikus\date-scape\node_modules\@babel\parser\lib\index.js:12744:17)
    at FlowParserMixin.parseBlockOrModuleBlockBody (C:\Users\mikus\date-scape\node_modules\@babel\parser\lib\index.js:13316:36)
    at FlowParserMixin.parseBlockBody (C:\Users\mikus\date-scape\node_modules\@babel\parser\lib\index.js:13309:10)
    at FlowParserMixin.parseProgram (C:\Users\mikus\date-scape\node_modules\@babel\parser\lib\index.js:12625:10)
    at FlowParserMixin.parseTopLevel (C:\Users\mikus\date-scape\node_modules\@babel\parser\lib\index.js:12615:25)
    at FlowParserMixin.parseTopLevel (C:\Users\mikus\date-scape\node_modules\@babel\parser\lib\index.js:3715:28)
    at FlowParserMixin.parse (C:\Users\mikus\date-scape\node_modules\@babel\parser\lib\index.js:14492:10)
    at parse (C:\Users\mikus\date-scape\node_modules\@babel\parser\lib\index.js:14526:38)
    at parser (C:\Users\mikus\date-scape\node_modules\@babel\core\lib\parser\index.js:41:34)
    at parser.next (<anonymous>)
    at normalizeFile (C:\Users\mikus\date-scape\node_modules\@babel\core\lib\transformation\normalize-file.js:64:37)
    at normalizeFile.next (<anonymous>)
    at run (C:\Users\mikus\date-scape\node_modules\@babel\core\lib\transformation\index.js:22:50)
    at run.next (<anonymous>)
    at transform (C:\Users\mikus\date-scape\node_modules\@babel\core\lib\transform.js:22:33)
    at transform.next (<anonymous>)
    at step (C:\Users\mikus\date-scape\node_modules\gensync\index.js:261:32)
    at C:\Users\mikus\date-scape\node_modules\gensync\index.js:273:13
    at async.call.result.err.err (C:\Users\mikus\date-scape\node_modules\gensync\index.js:223:11)

[1m[31mERROR[39m[22m in [1m./src/firebase/generateMatchesForUser.js[39m[22m [1m[32m6:0-80[39m[22m
[1mModule [1m[31mnot found[39m[22m[1m: [1m[31mError[39m[22m[1m: Can't resolve '../utils/MatchingEngine' in 'C:\Users\mikus\date-scape\src\firebase'[39m[22m

[1m[31mERROR[39m[22m in [1m./src/firebase/matchStorage.js[39m[22m [1m[32m8:0-101[39m[22m
[1mModule [1m[31mnot found[39m[22m[1m: [1m[31mError[39m[22m[1m: Can't resolve '../utils/MatchingEngine' in 'C:\Users\mikus\date-scape\src\firebase'[39m[22m

[1m[31mERROR[39m[22m in [1m[eslint] 
src\components\NotificationPopup.js
  Line 96:10:  Parsing [1m[31merror[39m[22m[1m: [1m[31mUnexpected[39m[22m[1m token (96:10)

[39m[22m

webpack compiled with [1m[31m4 errors[39m[22m and [1m[33m1 warning[39m[22m
Compiling...
Failed to compile.

[eslint] 
src\components\NotificationPopup.js
Syntax error: Unexpected token (96:10) (96:10)
[1m[33mWARNING[39m[22m in [1m[eslint] 
src\components\MultiStepSignup.js
  Line 3:10:  'collection' is defined but never used  no-unused-vars
  Line 4:10:  'getAuth' is defined but never used     no-unused-vars

src\components\SignupStep1.js
  Line 2:10:  'getAuth' is defined but never used                         no-unused-vars
  Line 2:19:  'createUserWithEmailAndPassword' is defined but never used  no-unused-vars

src\firebase\matchStorage.js
  Line 52:11:  'scoreA' is assigned a value but never used     no-unused-vars
  Line 52:19:  'maxScoreA' is assigned a value but never used  no-unused-vars
  Line 52:30:  'scoreB' is assigned a value but never used     no-unused-vars
  Line 52:38:  'maxScoreB' is assigned a value but never used  no-unused-vars

[39m[22m

[1m[31mERROR[39m[22m in [1m./src/components/NotificationPopup.js[39m[22m
Module build failed (from ./node_modules/babel-loader/lib/index.js):
SyntaxError: C:\Users\mikus\date-scape\src\components\NotificationPopup.js: Unexpected token (96:10)

[0m [90m 94 |[39m   )[33m;[39m
 [90m 95 |[39m }
[31m[1m>[22m[39m[90m 96 |[39m           ) [33m:[39m (
 [90m    |[39m           [31m[1m^[22m[39m
 [90m 97 |[39m             pageItems[33m.[39mmap((n) [33m=>[39m (
 [90m 98 |[39m               [33m<[39m[33mdiv[39m
 [90m 99 |[39m                 key[33m=[39m{n[33m.[39mid}[0m
    at constructor (C:\Users\mikus\date-scape\node_modules\@babel\parser\lib\index.js:367:19)
    at FlowParserMixin.raise (C:\Users\mikus\date-scape\node_modules\@babel\parser\lib\index.js:6627:19)
    at FlowParserMixin.unexpected (C:\Users\mikus\date-scape\node_modules\@babel\parser\lib\index.js:6647:16)
    at FlowParserMixin.parseExprAtom (C:\Users\mikus\date-scape\node_modules\@babel\parser\lib\index.js:11442:16)
    at FlowParserMixin.parseExprAtom (C:\Users\mikus\date-scape\node_modules\@babel\parser\lib\index.js:4794:20)
    at FlowParserMixin.parseExprSubscripts (C:\Users\mikus\date-scape\node_modules\@babel\parser\lib\index.js:11076:23)
    at FlowParserMixin.parseUpdate (C:\Users\mikus\date-scape\node_modules\@babel\parser\lib\index.js:11061:21)
    at FlowParserMixin.parseMaybeUnary (C:\Users\mikus\date-scape\node_modules\@babel\parser\lib\index.js:11041:23)
    at FlowParserMixin.parseMaybeUnaryOrPrivate (C:\Users\mikus\date-scape\node_modules\@babel\parser\lib\index.js:10894:61)
    at FlowParserMixin.parseExprOps (C:\Users\mikus\date-scape\node_modules\@babel\parser\lib\index.js:10899:23)
    at FlowParserMixin.parseMaybeConditional (C:\Users\mikus\date-scape\node_modules\@babel\parser\lib\index.js:10876:23)
    at FlowParserMixin.parseMaybeAssign (C:\Users\mikus\date-scape\node_modules\@babel\parser\lib\index.js:10826:21)
    at FlowParserMixin.parseMaybeAssign (C:\Users\mikus\date-scape\node_modules\@babel\parser\lib\index.js:3579:18)
    at FlowParserMixin.parseExpressionBase (C:\Users\mikus\date-scape\node_modules\@babel\parser\lib\index.js:10779:23)
    at C:\Users\mikus\date-scape\node_modules\@babel\parser\lib\index.js:10775:39
    at FlowParserMixin.allowInAnd (C:\Users\mikus\date-scape\node_modules\@babel\parser\lib\index.js:12422:16)
    at FlowParserMixin.parseExpression (C:\Users\mikus\date-scape\node_modules\@babel\parser\lib\index.js:10775:17)
    at FlowParserMixin.parseStatementContent (C:\Users\mikus\date-scape\node_modules\@babel\parser\lib\index.js:12895:23)
    at FlowParserMixin.parseStatementLike (C:\Users\mikus\date-scape\node_modules\@babel\parser\lib\index.js:12767:17)
    at FlowParserMixin.parseStatementLike (C:\Users\mikus\date-scape\node_modules\@babel\parser\lib\index.js:2946:24)
    at FlowParserMixin.parseModuleItem (C:\Users\mikus\date-scape\node_modules\@babel\parser\lib\index.js:12744:17)
    at FlowParserMixin.parseBlockOrModuleBlockBody (C:\Users\mikus\date-scape\node_modules\@babel\parser\lib\index.js:13316:36)
    at FlowParserMixin.parseBlockBody (C:\Users\mikus\date-scape\node_modules\@babel\parser\lib\index.js:13309:10)
    at FlowParserMixin.parseProgram (C:\Users\mikus\date-scape\node_modules\@babel\parser\lib\index.js:12625:10)
    at FlowParserMixin.parseTopLevel (C:\Users\mikus\date-scape\node_modules\@babel\parser\lib\index.js:12615:25)
    at FlowParserMixin.parseTopLevel (C:\Users\mikus\date-scape\node_modules\@babel\parser\lib\index.js:3715:28)
    at FlowParserMixin.parse (C:\Users\mikus\date-scape\node_modules\@babel\parser\lib\index.js:14492:10)
    at parse (C:\Users\mikus\date-scape\node_modules\@babel\parser\lib\index.js:14526:38)
    at parser (C:\Users\mikus\date-scape\node_modules\@babel\core\lib\parser\index.js:41:34)
    at parser.next (<anonymous>)
    at normalizeFile (C:\Users\mikus\date-scape\node_modules\@babel\core\lib\transformation\normalize-file.js:64:37)
    at normalizeFile.next (<anonymous>)
    at run (C:\Users\mikus\date-scape\node_modules\@babel\core\lib\transformation\index.js:22:50)
    at run.next (<anonymous>)
    at transform (C:\Users\mikus\date-scape\node_modules\@babel\core\lib\transform.js:22:33)
    at transform.next (<anonymous>)
    at step (C:\Users\mikus\date-scape\node_modules\gensync\index.js:261:32)
    at C:\Users\mikus\date-scape\node_modules\gensync\index.js:273:13
    at async.call.result.err.err (C:\Users\mikus\date-scape\node_modules\gensync\index.js:223:11)

[1m[31mERROR[39m[22m in [1m./src/firebase/generateMatchesForUser.js[39m[22m [1m[32m6:0-80[39m[22m
[1mModule [1m[31mnot found[39m[22m[1m: [1m[31mError[39m[22m[1m: Can't resolve '../utils/MatchingEngine' in 'C:\Users\mikus\date-scape\src\firebase'[39m[22m

[1m[31mERROR[39m[22m in [1m./src/firebase/matchStorage.js[39m[22m [1m[32m8:0-101[39m[22m
[1mModule [1m[31mnot found[39m[22m[1m: [1m[31mError[39m[22m[1m: Can't resolve '../utils/MatchingEngine' in 'C:\Users\mikus\date-scape\src\firebase'[39m[22m

[1m[31mERROR[39m[22m in [1m[eslint] 
src\components\NotificationPopup.js
  Line 96:10:  Parsing [1m[31merror[39m[22m[1m: [1m[31mUnexpected[39m[22m[1m token (96:10)

[39m[22m

webpack compiled with [1m[31m4 errors[39m[22m and [1m[33m1 warning[39m[22m
Compiling...
Failed to compile.

[eslint] 
src\components\NotificationPopup.js
Syntax error: Unexpected token (96:10) (96:10)
[1m[33mWARNING[39m[22m in [1m[eslint] 
src\components\MultiStepSignup.js
  Line 3:10:  'collection' is defined but never used  no-unused-vars
  Line 4:10:  'getAuth' is defined but never used     no-unused-vars

src\components\SignupStep1.js
  Line 2:10:  'getAuth' is defined but never used                         no-unused-vars
  Line 2:19:  'createUserWithEmailAndPassword' is defined but never used  no-unused-vars

src\firebase\matchStorage.js
  Line 52:11:  'scoreA' is assigned a value but never used     no-unused-vars
  Line 52:19:  'maxScoreA' is assigned a value but never used  no-unused-vars
  Line 52:30:  'scoreB' is assigned a value but never used     no-unused-vars
  Line 52:38:  'maxScoreB' is assigned a value but never used  no-unused-vars

[39m[22m

[1m[31mERROR[39m[22m in [1m./src/components/NotificationPopup.js[39m[22m
Module build failed (from ./node_modules/babel-loader/lib/index.js):
SyntaxError: C:\Users\mikus\date-scape\src\components\NotificationPopup.js: Unexpected token (96:10)

[0m [90m 94 |[39m   )[33m;[39m
 [90m 95 |[39m }
[31m[1m>[22m[39m[90m 96 |[39m           ) [33m:[39m (
 [90m    |[39m           [31m[1m^[22m[39m
 [90m 97 |[39m             pageItems[33m.[39mmap((n) [33m=>[39m (
 [90m 98 |[39m               [33m<[39m[33mdiv[39m
 [90m 99 |[39m                 key[33m=[39m{n[33m.[39mid}[0m
    at constructor (C:\Users\mikus\date-scape\node_modules\@babel\parser\lib\index.js:367:19)
    at FlowParserMixin.raise (C:\Users\mikus\date-scape\node_modules\@babel\parser\lib\index.js:6627:19)
    at FlowParserMixin.unexpected (C:\Users\mikus\date-scape\node_modules\@babel\parser\lib\index.js:6647:16)
    at FlowParserMixin.parseExprAtom (C:\Users\mikus\date-scape\node_modules\@babel\parser\lib\index.js:11442:16)
    at FlowParserMixin.parseExprAtom (C:\Users\mikus\date-scape\node_modules\@babel\parser\lib\index.js:4794:20)
    at FlowParserMixin.parseExprSubscripts (C:\Users\mikus\date-scape\node_modules\@babel\parser\lib\index.js:11076:23)
    at FlowParserMixin.parseUpdate (C:\Users\mikus\date-scape\node_modules\@babel\parser\lib\index.js:11061:21)
    at FlowParserMixin.parseMaybeUnary (C:\Users\mikus\date-scape\node_modules\@babel\parser\lib\index.js:11041:23)
    at FlowParserMixin.parseMaybeUnaryOrPrivate (C:\Users\mikus\date-scape\node_modules\@babel\parser\lib\index.js:10894:61)
    at FlowParserMixin.parseExprOps (C:\Users\mikus\date-scape\node_modules\@babel\parser\lib\index.js:10899:23)
    at FlowParserMixin.parseMaybeConditional (C:\Users\mikus\date-scape\node_modules\@babel\parser\lib\index.js:10876:23)
    at FlowParserMixin.parseMaybeAssign (C:\Users\mikus\date-scape\node_modules\@babel\parser\lib\index.js:10826:21)
    at FlowParserMixin.parseMaybeAssign (C:\Users\mikus\date-scape\node_modules\@babel\parser\lib\index.js:3579:18)
    at FlowParserMixin.parseExpressionBase (C:\Users\mikus\date-scape\node_modules\@babel\parser\lib\index.js:10779:23)
    at C:\Users\mikus\date-scape\node_modules\@babel\parser\lib\index.js:10775:39
    at FlowParserMixin.allowInAnd (C:\Users\mikus\date-scape\node_modules\@babel\parser\lib\index.js:12422:16)
    at FlowParserMixin.parseExpression (C:\Users\mikus\date-scape\node_modules\@babel\parser\lib\index.js:10775:17)
    at FlowParserMixin.parseStatementContent (C:\Users\mikus\date-scape\node_modules\@babel\parser\lib\index.js:12895:23)
    at FlowParserMixin.parseStatementLike (C:\Users\mikus\date-scape\node_modules\@babel\parser\lib\index.js:12767:17)
    at FlowParserMixin.parseStatementLike (C:\Users\mikus\date-scape\node_modules\@babel\parser\lib\index.js:2946:24)
    at FlowParserMixin.parseModuleItem (C:\Users\mikus\date-scape\node_modules\@babel\parser\lib\index.js:12744:17)
    at FlowParserMixin.parseBlockOrModuleBlockBody (C:\Users\mikus\date-scape\node_modules\@babel\parser\lib\index.js:13316:36)
    at FlowParserMixin.parseBlockBody (C:\Users\mikus\date-scape\node_modules\@babel\parser\lib\index.js:13309:10)
    at FlowParserMixin.parseProgram (C:\Users\mikus\date-scape\node_modules\@babel\parser\lib\index.js:12625:10)
    at FlowParserMixin.parseTopLevel (C:\Users\mikus\date-scape\node_modules\@babel\parser\lib\index.js:12615:25)
    at FlowParserMixin.parseTopLevel (C:\Users\mikus\date-scape\node_modules\@babel\parser\lib\index.js:3715:28)
    at FlowParserMixin.parse (C:\Users\mikus\date-scape\node_modules\@babel\parser\lib\index.js:14492:10)
    at parse (C:\Users\mikus\date-scape\node_modules\@babel\parser\lib\index.js:14526:38)
    at parser (C:\Users\mikus\date-scape\node_modules\@babel\core\lib\parser\index.js:41:34)
    at parser.next (<anonymous>)
    at normalizeFile (C:\Users\mikus\date-scape\node_modules\@babel\core\lib\transformation\normalize-file.js:64:37)
    at normalizeFile.next (<anonymous>)
    at run (C:\Users\mikus\date-scape\node_modules\@babel\core\lib\transformation\index.js:22:50)
    at run.next (<anonymous>)
    at transform (C:\Users\mikus\date-scape\node_modules\@babel\core\lib\transform.js:22:33)
    at transform.next (<anonymous>)
    at step (C:\Users\mikus\date-scape\node_modules\gensync\index.js:261:32)
    at C:\Users\mikus\date-scape\node_modules\gensync\index.js:273:13
    at async.call.result.err.err (C:\Users\mikus\date-scape\node_modules\gensync\index.js:223:11)

[1m[31mERROR[39m[22m in [1m[eslint] 
src\components\NotificationPopup.js
  Line 96:10:  Parsing [1m[31merror[39m[22m[1m: [1m[31mUnexpected[39m[22m[1m token (96:10)

[39m[22m

webpack compiled with [1m[31m2 errors[39m[22m and [1m[33m1 warning[39m[22m
Compiling...
Failed to compile.

[eslint] 
src\components\NotificationPopup.js
Syntax error: Unexpected token (96:10) (96:10)
[1m[33mWARNING[39m[22m in [1m[eslint] 
src\components\MultiStepSignup.js
  Line 3:10:  'collection' is defined but never used  no-unused-vars
  Line 4:10:  'getAuth' is defined but never used     no-unused-vars

src\components\SignupStep1.js
  Line 2:10:  'getAuth' is defined but never used                         no-unused-vars
  Line 2:19:  'createUserWithEmailAndPassword' is defined but never used  no-unused-vars

src\firebase\matchStorage.js
  Line 52:11:  'scoreA' is assigned a value but never used     no-unused-vars
  Line 52:19:  'maxScoreA' is assigned a value but never used  no-unused-vars
  Line 52:30:  'scoreB' is assigned a value but never used     no-unused-vars
  Line 52:38:  'maxScoreB' is assigned a value but never used  no-unused-vars

[39m[22m

[1m[31mERROR[39m[22m in [1m./src/components/NotificationPopup.js[39m[22m
Module build failed (from ./node_modules/babel-loader/lib/index.js):
SyntaxError: C:\Users\mikus\date-scape\src\components\NotificationPopup.js: Unexpected token (96:10)

[0m [90m 94 |[39m   )[33m;[39m
 [90m 95 |[39m }
[31m[1m>[22m[39m[90m 96 |[39m           ) [33m:[39m (
 [90m    |[39m           [31m[1m^[22m[39m
 [90m 97 |[39m             pageItems[33m.[39mmap((n) [33m=>[39m (
 [90m 98 |[39m               [33m<[39m[33mdiv[39m
 [90m 99 |[39m                 key[33m=[39m{n[33m.[39mid}[0m
    at constructor (C:\Users\mikus\date-scape\node_modules\@babel\parser\lib\index.js:367:19)
    at FlowParserMixin.raise (C:\Users\mikus\date-scape\node_modules\@babel\parser\lib\index.js:6627:19)
    at FlowParserMixin.unexpected (C:\Users\mikus\date-scape\node_modules\@babel\parser\lib\index.js:6647:16)
    at FlowParserMixin.parseExprAtom (C:\Users\mikus\date-scape\node_modules\@babel\parser\lib\index.js:11442:16)
    at FlowParserMixin.parseExprAtom (C:\Users\mikus\date-scape\node_modules\@babel\parser\lib\index.js:4794:20)
    at FlowParserMixin.parseExprSubscripts (C:\Users\mikus\date-scape\node_modules\@babel\parser\lib\index.js:11076:23)
    at FlowParserMixin.parseUpdate (C:\Users\mikus\date-scape\node_modules\@babel\parser\lib\index.js:11061:21)
    at FlowParserMixin.parseMaybeUnary (C:\Users\mikus\date-scape\node_modules\@babel\parser\lib\index.js:11041:23)
    at FlowParserMixin.parseMaybeUnaryOrPrivate (C:\Users\mikus\date-scape\node_modules\@babel\parser\lib\index.js:10894:61)
    at FlowParserMixin.parseExprOps (C:\Users\mikus\date-scape\node_modules\@babel\parser\lib\index.js:10899:23)
    at FlowParserMixin.parseMaybeConditional (C:\Users\mikus\date-scape\node_modules\@babel\parser\lib\index.js:10876:23)
    at FlowParserMixin.parseMaybeAssign (C:\Users\mikus\date-scape\node_modules\@babel\parser\lib\index.js:10826:21)
    at FlowParserMixin.parseMaybeAssign (C:\Users\mikus\date-scape\node_modules\@babel\parser\lib\index.js:3579:18)
    at FlowParserMixin.parseExpressionBase (C:\Users\mikus\date-scape\node_modules\@babel\parser\lib\index.js:10779:23)
    at C:\Users\mikus\date-scape\node_modules\@babel\parser\lib\index.js:10775:39
    at FlowParserMixin.allowInAnd (C:\Users\mikus\date-scape\node_modules\@babel\parser\lib\index.js:12422:16)
    at FlowParserMixin.parseExpression (C:\Users\mikus\date-scape\node_modules\@babel\parser\lib\index.js:10775:17)
    at FlowParserMixin.parseStatementContent (C:\Users\mikus\date-scape\node_modules\@babel\parser\lib\index.js:12895:23)
    at FlowParserMixin.parseStatementLike (C:\Users\mikus\date-scape\node_modules\@babel\parser\lib\index.js:12767:17)
    at FlowParserMixin.parseStatementLike (C:\Users\mikus\date-scape\node_modules\@babel\parser\lib\index.js:2946:24)
    at FlowParserMixin.parseModuleItem (C:\Users\mikus\date-scape\node_modules\@babel\parser\lib\index.js:12744:17)
    at FlowParserMixin.parseBlockOrModuleBlockBody (C:\Users\mikus\date-scape\node_modules\@babel\parser\lib\index.js:13316:36)
    at FlowParserMixin.parseBlockBody (C:\Users\mikus\date-scape\node_modules\@babel\parser\lib\index.js:13309:10)
    at FlowParserMixin.parseProgram (C:\Users\mikus\date-scape\node_modules\@babel\parser\lib\index.js:12625:10)
    at FlowParserMixin.parseTopLevel (C:\Users\mikus\date-scape\node_modules\@babel\parser\lib\index.js:12615:25)
    at FlowParserMixin.parseTopLevel (C:\Users\mikus\date-scape\node_modules\@babel\parser\lib\index.js:3715:28)
    at FlowParserMixin.parse (C:\Users\mikus\date-scape\node_modules\@babel\parser\lib\index.js:14492:10)
    at parse (C:\Users\mikus\date-scape\node_modules\@babel\parser\lib\index.js:14526:38)
    at parser (C:\Users\mikus\date-scape\node_modules\@babel\core\lib\parser\index.js:41:34)
    at parser.next (<anonymous>)
    at normalizeFile (C:\Users\mikus\date-scape\node_modules\@babel\core\lib\transformation\normalize-file.js:64:37)
    at normalizeFile.next (<anonymous>)
    at run (C:\Users\mikus\date-scape\node_modules\@babel\core\lib\transformation\index.js:22:50)
    at run.next (<anonymous>)
    at transform (C:\Users\mikus\date-scape\node_modules\@babel\core\lib\transform.js:22:33)
    at transform.next (<anonymous>)
    at step (C:\Users\mikus\date-scape\node_modules\gensync\index.js:261:32)
    at C:\Users\mikus\date-scape\node_modules\gensync\index.js:273:13
    at async.call.result.err.err (C:\Users\mikus\date-scape\node_modules\gensync\index.js:223:11)

[1m[31mERROR[39m[22m in [1m[eslint] 
src\components\NotificationPopup.js
  Line 96:10:  Parsing [1m[31merror[39m[22m[1m: [1m[31mUnexpected[39m[22m[1m token (96:10)

[39m[22m

webpack compiled with [1m[31m2 errors[39m[22m and [1m[33m1 warning[39m[22m
Compiling...
Failed to compile.

[eslint] 
src\components\NotificationPopup.js
Syntax error: Unexpected token (96:10) (96:10)
[1m[33mWARNING[39m[22m in [1m[eslint] 
src\components\MultiStepSignup.js
  Line 3:10:  'collection' is defined but never used  no-unused-vars
  Line 4:10:  'getAuth' is defined but never used     no-unused-vars

src\components\SignupStep1.js
  Line 2:10:  'getAuth' is defined but never used                         no-unused-vars
  Line 2:19:  'createUserWithEmailAndPassword' is defined but never used  no-unused-vars

src\firebase\matchStorage.js
  Line 52:11:  'scoreA' is assigned a value but never used     no-unused-vars
  Line 52:19:  'maxScoreA' is assigned a value but never used  no-unused-vars
  Line 52:30:  'scoreB' is assigned a value but never used     no-unused-vars
  Line 52:38:  'maxScoreB' is assigned a value but never used  no-unused-vars

[39m[22m

[1m[31mERROR[39m[22m in [1m./src/components/NotificationPopup.js[39m[22m
Module build failed (from ./node_modules/babel-loader/lib/index.js):
SyntaxError: C:\Users\mikus\date-scape\src\components\NotificationPopup.js: Unexpected token (96:10)

[0m [90m 94 |[39m   )[33m;[39m
 [90m 95 |[39m }
[31m[1m>[22m[39m[90m 96 |[39m           ) [33m:[39m (
 [90m    |[39m           [31m[1m^[22m[39m
 [90m 97 |[39m             pageItems[33m.[39mmap((n) [33m=>[39m (
 [90m 98 |[39m               [33m<[39m[33mdiv[39m
 [90m 99 |[39m                 key[33m=[39m{n[33m.[39mid}[0m
    at constructor (C:\Users\mikus\date-scape\node_modules\@babel\parser\lib\index.js:367:19)
    at FlowParserMixin.raise (C:\Users\mikus\date-scape\node_modules\@babel\parser\lib\index.js:6627:19)
    at FlowParserMixin.unexpected (C:\Users\mikus\date-scape\node_modules\@babel\parser\lib\index.js:6647:16)
    at FlowParserMixin.parseExprAtom (C:\Users\mikus\date-scape\node_modules\@babel\parser\lib\index.js:11442:16)
    at FlowParserMixin.parseExprAtom (C:\Users\mikus\date-scape\node_modules\@babel\parser\lib\index.js:4794:20)
    at FlowParserMixin.parseExprSubscripts (C:\Users\mikus\date-scape\node_modules\@babel\parser\lib\index.js:11076:23)
    at FlowParserMixin.parseUpdate (C:\Users\mikus\date-scape\node_modules\@babel\parser\lib\index.js:11061:21)
    at FlowParserMixin.parseMaybeUnary (C:\Users\mikus\date-scape\node_modules\@babel\parser\lib\index.js:11041:23)
    at FlowParserMixin.parseMaybeUnaryOrPrivate (C:\Users\mikus\date-scape\node_modules\@babel\parser\lib\index.js:10894:61)
    at FlowParserMixin.parseExprOps (C:\Users\mikus\date-scape\node_modules\@babel\parser\lib\index.js:10899:23)
    at FlowParserMixin.parseMaybeConditional (C:\Users\mikus\date-scape\node_modules\@babel\parser\lib\index.js:10876:23)
    at FlowParserMixin.parseMaybeAssign (C:\Users\mikus\date-scape\node_modules\@babel\parser\lib\index.js:10826:21)
    at FlowParserMixin.parseMaybeAssign (C:\Users\mikus\date-scape\node_modules\@babel\parser\lib\index.js:3579:18)
    at FlowParserMixin.parseExpressionBase (C:\Users\mikus\date-scape\node_modules\@babel\parser\lib\index.js:10779:23)
    at C:\Users\mikus\date-scape\node_modules\@babel\parser\lib\index.js:10775:39
    at FlowParserMixin.allowInAnd (C:\Users\mikus\date-scape\node_modules\@babel\parser\lib\index.js:12422:16)
    at FlowParserMixin.parseExpression (C:\Users\mikus\date-scape\node_modules\@babel\parser\lib\index.js:10775:17)
    at FlowParserMixin.parseStatementContent (C:\Users\mikus\date-scape\node_modules\@babel\parser\lib\index.js:12895:23)
    at FlowParserMixin.parseStatementLike (C:\Users\mikus\date-scape\node_modules\@babel\parser\lib\index.js:12767:17)
    at FlowParserMixin.parseStatementLike (C:\Users\mikus\date-scape\node_modules\@babel\parser\lib\index.js:2946:24)
    at FlowParserMixin.parseModuleItem (C:\Users\mikus\date-scape\node_modules\@babel\parser\lib\index.js:12744:17)
    at FlowParserMixin.parseBlockOrModuleBlockBody (C:\Users\mikus\date-scape\node_modules\@babel\parser\lib\index.js:13316:36)
    at FlowParserMixin.parseBlockBody (C:\Users\mikus\date-scape\node_modules\@babel\parser\lib\index.js:13309:10)
    at FlowParserMixin.parseProgram (C:\Users\mikus\date-scape\node_modules\@babel\parser\lib\index.js:12625:10)
    at FlowParserMixin.parseTopLevel (C:\Users\mikus\date-scape\node_modules\@babel\parser\lib\index.js:12615:25)
    at FlowParserMixin.parseTopLevel (C:\Users\mikus\date-scape\node_modules\@babel\parser\lib\index.js:3715:28)
    at FlowParserMixin.parse (C:\Users\mikus\date-scape\node_modules\@babel\parser\lib\index.js:14492:10)
    at parse (C:\Users\mikus\date-scape\node_modules\@babel\parser\lib\index.js:14526:38)
    at parser (C:\Users\mikus\date-scape\node_modules\@babel\core\lib\parser\index.js:41:34)
    at parser.next (<anonymous>)
    at normalizeFile (C:\Users\mikus\date-scape\node_modules\@babel\core\lib\transformation\normalize-file.js:64:37)
    at normalizeFile.next (<anonymous>)
    at run (C:\Users\mikus\date-scape\node_modules\@babel\core\lib\transformation\index.js:22:50)
    at run.next (<anonymous>)
    at transform (C:\Users\mikus\date-scape\node_modules\@babel\core\lib\transform.js:22:33)
    at transform.next (<anonymous>)
    at step (C:\Users\mikus\date-scape\node_modules\gensync\index.js:261:32)
    at C:\Users\mikus\date-scape\node_modules\gensync\index.js:273:13
    at async.call.result.err.err (C:\Users\mikus\date-scape\node_modules\gensync\index.js:223:11)

[1m[31mERROR[39m[22m in [1m[eslint] 
src\components\NotificationPopup.js
  Line 96:10:  Parsing [1m[31merror[39m[22m[1m: [1m[31mUnexpected[39m[22m[1m token (96:10)

[39m[22m

webpack compiled with [1m[31m2 errors[39m[22m and [1m[33m1 warning[39m[22m
Compiling...
Failed to compile.

[eslint] 
src\components\NotificationPopup.js
Syntax error: Unexpected token (96:10) (96:10)
[1m[33mWARNING[39m[22m in [1m[eslint] 
src\components\MultiStepSignup.js
  Line 3:10:  'collection' is defined but never used  no-unused-vars
  Line 4:10:  'getAuth' is defined but never used     no-unused-vars

src\components\SignupStep1.js
  Line 2:10:  'getAuth' is defined but never used                         no-unused-vars
  Line 2:19:  'createUserWithEmailAndPassword' is defined but never used  no-unused-vars

src\firebase\matchStorage.js
  Line 52:11:  'scoreA' is assigned a value but never used     no-unused-vars
  Line 52:19:  'maxScoreA' is assigned a value but never used  no-unused-vars
  Line 52:30:  'scoreB' is assigned a value but never used     no-unused-vars
  Line 52:38:  'maxScoreB' is assigned a value but never used  no-unused-vars

[39m[22m

[1m[31mERROR[39m[22m in [1m./src/components/NotificationPopup.js[39m[22m
Module build failed (from ./node_modules/babel-loader/lib/index.js):
SyntaxError: C:\Users\mikus\date-scape\src\components\NotificationPopup.js: Unexpected token (96:10)

[0m [90m 94 |[39m   )[33m;[39m
 [90m 95 |[39m }
[31m[1m>[22m[39m[90m 96 |[39m           ) [33m:[39m (
 [90m    |[39m           [31m[1m^[22m[39m
 [90m 97 |[39m             pageItems[33m.[39mmap((n) [33m=>[39m (
 [90m 98 |[39m               [33m<[39m[33mdiv[39m
 [90m 99 |[39m                 key[33m=[39m{n[33m.[39mid}[0m
    at constructor (C:\Users\mikus\date-scape\node_modules\@babel\parser\lib\index.js:367:19)
    at FlowParserMixin.raise (C:\Users\mikus\date-scape\node_modules\@babel\parser\lib\index.js:6627:19)
    at FlowParserMixin.unexpected (C:\Users\mikus\date-scape\node_modules\@babel\parser\lib\index.js:6647:16)
    at FlowParserMixin.parseExprAtom (C:\Users\mikus\date-scape\node_modules\@babel\parser\lib\index.js:11442:16)
    at FlowParserMixin.parseExprAtom (C:\Users\mikus\date-scape\node_modules\@babel\parser\lib\index.js:4794:20)
    at FlowParserMixin.parseExprSubscripts (C:\Users\mikus\date-scape\node_modules\@babel\parser\lib\index.js:11076:23)
    at FlowParserMixin.parseUpdate (C:\Users\mikus\date-scape\node_modules\@babel\parser\lib\index.js:11061:21)
    at FlowParserMixin.parseMaybeUnary (C:\Users\mikus\date-scape\node_modules\@babel\parser\lib\index.js:11041:23)
    at FlowParserMixin.parseMaybeUnaryOrPrivate (C:\Users\mikus\date-scape\node_modules\@babel\parser\lib\index.js:10894:61)
    at FlowParserMixin.parseExprOps (C:\Users\mikus\date-scape\node_modules\@babel\parser\lib\index.js:10899:23)
    at FlowParserMixin.parseMaybeConditional (C:\Users\mikus\date-scape\node_modules\@babel\parser\lib\index.js:10876:23)
    at FlowParserMixin.parseMaybeAssign (C:\Users\mikus\date-scape\node_modules\@babel\parser\lib\index.js:10826:21)
    at FlowParserMixin.parseMaybeAssign (C:\Users\mikus\date-scape\node_modules\@babel\parser\lib\index.js:3579:18)
    at FlowParserMixin.parseExpressionBase (C:\Users\mikus\date-scape\node_modules\@babel\parser\lib\index.js:10779:23)
    at C:\Users\mikus\date-scape\node_modules\@babel\parser\lib\index.js:10775:39
    at FlowParserMixin.allowInAnd (C:\Users\mikus\date-scape\node_modules\@babel\parser\lib\index.js:12422:16)
    at FlowParserMixin.parseExpression (C:\Users\mikus\date-scape\node_modules\@babel\parser\lib\index.js:10775:17)
    at FlowParserMixin.parseStatementContent (C:\Users\mikus\date-scape\node_modules\@babel\parser\lib\index.js:12895:23)
    at FlowParserMixin.parseStatementLike (C:\Users\mikus\date-scape\node_modules\@babel\parser\lib\index.js:12767:17)
    at FlowParserMixin.parseStatementLike (C:\Users\mikus\date-scape\node_modules\@babel\parser\lib\index.js:2946:24)
    at FlowParserMixin.parseModuleItem (C:\Users\mikus\date-scape\node_modules\@babel\parser\lib\index.js:12744:17)
    at FlowParserMixin.parseBlockOrModuleBlockBody (C:\Users\mikus\date-scape\node_modules\@babel\parser\lib\index.js:13316:36)
    at FlowParserMixin.parseBlockBody (C:\Users\mikus\date-scape\node_modules\@babel\parser\lib\index.js:13309:10)
    at FlowParserMixin.parseProgram (C:\Users\mikus\date-scape\node_modules\@babel\parser\lib\index.js:12625:10)
    at FlowParserMixin.parseTopLevel (C:\Users\mikus\date-scape\node_modules\@babel\parser\lib\index.js:12615:25)
    at FlowParserMixin.parseTopLevel (C:\Users\mikus\date-scape\node_modules\@babel\parser\lib\index.js:3715:28)
    at FlowParserMixin.parse (C:\Users\mikus\date-scape\node_modules\@babel\parser\lib\index.js:14492:10)
    at parse (C:\Users\mikus\date-scape\node_modules\@babel\parser\lib\index.js:14526:38)
    at parser (C:\Users\mikus\date-scape\node_modules\@babel\core\lib\parser\index.js:41:34)
    at parser.next (<anonymous>)
    at normalizeFile (C:\Users\mikus\date-scape\node_modules\@babel\core\lib\transformation\normalize-file.js:64:37)
    at normalizeFile.next (<anonymous>)
    at run (C:\Users\mikus\date-scape\node_modules\@babel\core\lib\transformation\index.js:22:50)
    at run.next (<anonymous>)
    at transform (C:\Users\mikus\date-scape\node_modules\@babel\core\lib\transform.js:22:33)
    at transform.next (<anonymous>)
    at step (C:\Users\mikus\date-scape\node_modules\gensync\index.js:261:32)
    at C:\Users\mikus\date-scape\node_modules\gensync\index.js:273:13
    at async.call.result.err.err (C:\Users\mikus\date-scape\node_modules\gensync\index.js:223:11)

[1m[31mERROR[39m[22m in [1m[eslint] 
src\components\NotificationPopup.js
  Line 96:10:  Parsing [1m[31merror[39m[22m[1m: [1m[31mUnexpected[39m[22m[1m token (96:10)

[39m[22m

webpack compiled with [1m[31m2 errors[39m[22m and [1m[33m1 warning[39m[22m
Compiling...
Compiled with warnings.

[eslint] 
src\components\MultiStepSignup.js
  Line 3:10:  'collection' is defined but never used  no-unused-vars
  Line 4:10:  'getAuth' is defined but never used     no-unused-vars

src\components\SignupStep1.js
  Line 2:10:  'getAuth' is defined but never used                         no-unused-vars
  Line 2:19:  'createUserWithEmailAndPassword' is defined but never used  no-unused-vars

src\firebase\matchStorage.js
  Line 52:11:  'scoreA' is assigned a value but never used     no-unused-vars
  Line 52:19:  'maxScoreA' is assigned a value but never used  no-unused-vars
  Line 52:30:  'scoreB' is assigned a value but never used     no-unused-vars
  Line 52:38:  'maxScoreB' is assigned a value but never used  no-unused-vars

Search for the keywords to learn more about each warning.
To ignore, add // eslint-disable-next-line to the line before.

[1m[33mWARNING[39m[22m in [1m[eslint] 
src\components\MultiStepSignup.js
  Line 3:10:  'collection' is defined but never used  no-unused-vars
  Line 4:10:  'getAuth' is defined but never used     no-unused-vars

src\components\SignupStep1.js
  Line 2:10:  'getAuth' is defined but never used                         no-unused-vars
  Line 2:19:  'createUserWithEmailAndPassword' is defined but never used  no-unused-vars

src\firebase\matchStorage.js
  Line 52:11:  'scoreA' is assigned a value but never used     no-unused-vars
  Line 52:19:  'maxScoreA' is assigned a value but never used  no-unused-vars
  Line 52:30:  'scoreB' is assigned a value but never used     no-unused-vars
  Line 52:38:  'maxScoreB' is assigned a value but never used  no-unused-vars

[39m[22m

webpack compiled with [1m[33m1 warning[39m[22m
